Pair,Procedure,prime_word,target_word,word2veccosine,LSA,Undirected,newdirected,pathlength,UPMFG_Cat,ACN_0.1,ACN.r.cat,zRTTarget_trim,mean_len_c,mean_logf_c,mean_ldtz_c,mean_conc_c,directedcollapsed,undirectedfac,kenettfac,directedfac,path_28,path_29,path_30,path_31,path_32,path_33,path_34,path_35
ABDUCT-WAGE,S1,ABDUCT,WAGE,0.08222691,0.01,3,5,4,4,3,3,-0.075859304,-1.072806821,-1.440433083,0.22947201,-0.403880644,5,3,4,5,3,3,3,3,3,3,3,4
ABSURD-OUTRAGEOUS,S2,ABSURD,OUTRAGEOUS,0.739138059,0.29,1,1,1,1,1,5,-0.208663804,-0.072806821,-0.282433083,0.13147201,-2.018880644,1,1,1,1,2,2,2,2,2,2,2,2
ADJECTIVE-REVIEW,S2,ADJECTIVE,REVIEW,0.06093367,0.1,3,4,3,1,2,2,0.546849565,1.427193179,0.127566917,-0.00302799,-1.118880644,4,3,3,4,3,3,3,3,3,3,3,4
ADORE-LUST,S2,ADORE,LUST,0.34671182,0.26,2,3,1,1,1,5,-0.5344406,-1.572806821,-0.849433083,0.02447201,-1.493880644,3,2,1,3,1,1,1,1,1,1,1,2
AGAIN-ENGAGE,S2,AGAIN,ENGAGE,0.094806035,0.1,2,3,2,4,2,4,0.195819314,0.427193179,2.684566917,-0.18052799,-1.703880644,3,2,2,3,2,2,2,2,3,3,3,3
AGENT-CUSS,S1,AGENT,CUSS,0.082417983,0.02,3,6,6,3,3,1,1.304419582,-1.572806821,-0.803933083,0.15897201,-0.363880644,H,3,6,6,3,3,3,4,4,4,4,6
ALGEBRA-FORESIGHT,S2,ALGEBRA,FORESIGHT,0.034402119,0.03,3,7,6,3,3,2,0.936078451,-0.072806821,0.887066917,-0.05102799,-1.273880644,H,3,6,7,3,3,3,3,3,3,3,3
ALTER-MAGNET,S2,ALTER,MAGNET,0.02556319,0,4,5,15,3,3,3,0.189189862,-1.072806821,-0.261933083,0.07797201,0.146119356,5,4,15,5,3,4,4,4,4,4,4,4
ALUMINUM-VICTIM,S1,ALUMINUM,VICTIM,0.05877315,-0.05,4,4,3,3,2,2,0.323699971,0.927193179,0.416566917,0.18497201,0.496119356,4,4,3,4,3,3,3,4,4,4,4,4
AMBULANCE-FUSS,S2,AMBULANCE,FUSS,-0.012715795,0.06,3,5,6,4,2,1,0.55374472,2.427193179,-0.138433083,0.16847201,-0.118880644,5,3,6,5,3,3,3,4,4,4,4,4
ANCHOR-RELEASE,S2,ANCHOR,RELEASE,-0.004097074,0.08,2,2,6,4,2,4,0.088288448,0.427193179,0.941066917,-0.17152799,0.266119356,2,2,6,2,3,3,3,3,6,7,7,7
ANSWER-PRECISE,S2,ANSWER,PRECISE,0.207840143,0.13,2,6,2,3,1,4,0.736852922,0.427193179,2.468066917,-0.25852799,-1.098880644,H,2,2,6,2,2,2,2,2,2,2,2
ANTELOPE-SALES,S1,ANTELOPE,SALES,0.022127264,0,3,5,15,5,3,1,0.177514407,0.427193179,-0.058433083,0.13247201,0.191119356,5,3,15,5,3,4,4,4,4,4,4,4
APARTMENT-MANSION,S2,APARTMENT,MANSION,0.50696682,0.41,2,4,1,5,1,4,-0.11061327,1.427193179,-0.238433083,-0.03752799,1.156119356,4,2,1,4,1,1,1,1,1,1,1,1
APATHETIC-UPSET,S1,APATHETIC,UPSET,0.326290505,0.27,2,2,4,4,2,4,-0.355989824,0.927193179,-0.904433083,0.30947201,-1.723880644,2,2,4,2,1,1,1,1,1,2,2,2
APPEARANCE-NASTY,S2,APPEARANCE,NASTY,0.099780601,0.15,2,2,2,2,1,5,-0.192772312,1.927193179,-1.030433083,-0.12952799,-1.268880644,2,2,2,2,3,3,3,3,3,3,3,4
APPENDAGE-INSTANT,S2,APPENDAGE,INSTANT,0.080554733,0.04,4,5,3,5,3,2,0.539542257,3.427193179,-3.541933083,0.61497201,-0.258880644,5,4,3,5,3,3,3,4,4,4,4,5
APPLIANCE-TEAPOT,S2,APPLIANCE,TEAPOT,0.174023385,0.03,2,3,4,3,1,4,-0.503898853,1.427193179,-2.402433083,0.05597201,1.026119356,3,2,4,3,2,2,2,2,2,2,2,2
ARCHITECTURE-CREATIVE,S2,ARCHITECTURE,CREATIVE,0.23092219,0.33,2,2,2,5,1,4,-0.128443212,3.927193179,1.194566917,0.19547201,-0.978880644,2,2,2,2,2,2,2,2,2,2,2,2
ARENA-BOG,S1,ARENA,BOG,0.109404435,0.13,3,3,15,4,2,1,0.555440058,-2.072806821,0.371066917,0.33797201,0.716119356,3,3,15,3,3,3,3,3,3,4,4,4
ARGUE-STINGY,S1,ARGUE,STINGY,0.16087243,0.09,3,5,6,4,2,2,0.812911613,-0.572806821,-0.788433083,0.06947201,-1.363880644,5,3,6,5,2,2,3,3,3,3,4,4
ARMOR-SCRATCH,S1,ARMOR,SCRATCH,0.116205827,0.04,3,3,4,5,2,2,0.185247283,-0.072806821,0.597566917,0.12497201,0.721119356,3,3,4,3,3,3,3,3,3,3,3,4
ARMY-COOKING,S2,ARMY,COOKING,0.09077882,-0.01,3,4,15,3,3,1,0.437943426,-0.572806821,0.969066917,-0.20352799,0.706119356,4,3,15,4,3,3,3,3,3,3,4,4
ASHTRAY-SMOKING,S2,ASHTRAY,SMOKING,0.409083174,0.49,1,4,1,4,1,5,-0.799751893,0.927193179,-1.322433083,0.05247201,0.906119356,4,1,1,4,1,1,1,1,1,1,1,1
ASLEEP-DETERGENT,S2,ASLEEP,DETERGENT,0.006124212,-0.04,4,4,4,5,3,2,0.720893827,1.427193179,-1.758933083,0.14647201,0.501119356,4,4,4,4,3,3,3,3,3,3,3,3
ASSOCIATE-LESSON,S1,ASSOCIATE,LESSON,0.003884354,0.1,2,4,4,2,2,3,-0.04325403,1.427193179,0.484066917,-0.06202799,-0.638880644,4,2,4,4,3,3,3,3,3,3,3,3
ATTENDANCE-SMALL,S2,ATTENDANCE,SMALL,0.027817555,0.12,2,2,6,5,2,2,-0.338942092,1.427193179,1.379066917,-0.12602799,-0.593880644,2,2,6,2,3,3,3,3,3,5,5,5
AUDIENCE-PERFORMANCE,S2,AUDIENCE,PERFORMANCE,0.192757066,0.15,1,2,1,5,1,5,0.058593036,3.427193179,1.932566917,0.11597201,-0.073880644,2,1,1,2,2,2,4,4,5,5,6,6
AWFUL-PRESENCE,S2,AWFUL,PRESENCE,-0.054658114,0.14,3,6,4,4,2,2,0.636312818,0.427193179,0.935066917,0.03797201,-1.418880644,H,3,4,6,3,3,3,4,4,4,4,4
BACTERIA-VIRUS,S1,BACTERIA,VIRUS,0.539370782,0.69,1,1,1,5,1,5,-0.958696958,0.427193179,0.627066917,-0.07402799,0.071119356,1,1,1,1,1,1,1,1,1,1,1,1
BANANA-JUICE,S1,BANANA,JUICE,0.472107224,0.22,2,2,1,2,1,5,-0.648818962,-0.572806821,-0.190933083,-0.19952799,1.206119356,2,2,1,2,1,1,1,1,1,1,1,1
BANK-MAILBOX,S1,BANK,MAILBOX,0.218892094,0.01,3,4,6,4,2,3,-0.328794792,-0.572806821,1.189066917,-0.24302799,1.151119356,4,3,6,4,2,3,3,3,3,3,3,3
BASSINET-DOCUMENT,S2,BASSINET,DOCUMENT,0.058115974,0.01,4,4,15,3,2,3,-0.094610823,1.927193179,-3.470433083,0.63547201,0.821119356,4,4,15,4,3,3,3,3,4,4,4,5
BAY-SOAK,S1,BAY,SOAK,0.152281681,-0.01,2,3,3,2,2,3,-0.226694649,-2.572806821,0.381566917,0.02947201,0.771119356,3,2,3,3,2,2,3,3,3,3,4,4
BEACH-DEODORANT,S2,BEACH,DEODORANT,0.162370164,0.03,3,5,4,3,2,1,0.109778181,-1.572806821,0.355566917,0.12147201,1.156119356,5,3,4,5,2,2,2,3,3,3,3,3
BEDROOM-MATTRESS,S2,BEDROOM,MATTRESS,0.440580858,0.56,2,2,1,4,1,5,-0.429673263,1.427193179,-0.668433083,-0.02252799,1.211119356,2,2,1,2,1,1,1,1,1,1,1,1
BEGIN-START,S1,BEGIN,START,0.685394808,0.58,1,1,1,1,1,5,-0.36714069,-1.072806821,2.892066917,-0.36102799,-1.103880644,1,1,1,1,1,1,1,1,1,1,1,1
BELONG-SIBLING,S2,BELONG,SIBLING,0.042866826,0.11,3,4,4,4,2,1,-0.109732899,0.427193179,-0.507933083,-0.00502799,-0.838880644,4,3,4,4,3,3,3,3,3,3,4,4
BETRAY-DECEPTION,S1,BETRAY,DECEPTION,0.315040865,0.09,2,2,2,1,1,4,0.220328338,1.427193179,-1.509433083,0.37447201,-1.723880644,2,2,2,2,1,1,1,1,2,2,2,2
BETTER-CROCHET,S1,BETTER,CROCHET,0.02285587,0.04,3,5,15,3,2,2,1.023244109,0.427193179,0.683566917,0.01697201,-0.458880644,5,3,15,5,3,3,3,3,3,3,3,4
BIT-COMPASS,S1,BIT,COMPASS,0.112028656,0.04,3,4,6,5,2,2,0.008745429,-1.072806821,1.118566917,-0.14102799,0.226119356,4,3,6,4,3,3,3,3,4,4,4,5
BLOOM-POT,S1,BLOOM,POT,0.209926718,0.12,2,2,3,3,2,4,-0.303336982,-2.072806821,0.215566917,-0.21702799,0.666119356,2,2,3,2,2,2,2,2,2,2,2,2
BLOSSOM-QUIT,S1,BLOSSOM,QUIT,0.112006223,0.11,4,4,4,5,2,1,0.080551484,-0.572806821,-0.383933083,-0.11552799,-0.328880644,4,4,4,4,2,2,2,3,3,3,3,3
BLUEJAY-PIGEON,S1,BLUEJAY,PIGEON,0.42225841,0.02,2,3,1,1,1,5,-0.453657065,0.427193179,-3.034433083,0.13047201,1.101119356,3,2,1,3,1,1,1,1,1,1,1,1
BOG-ARENA,S2,BOG,ARENA,0.109404435,0.13,3,4,15,4,2,1,0.041429647,-2.072806821,0.371066917,0.33797201,0.716119356,4,3,15,4,3,3,3,3,3,4,4,4
BOND-PEBBLE,S1,BOND,PEBBLE,0.039904032,0.04,3,3,3,4,2,3,0.06134708,-1.072806821,-0.708433083,0.04797201,0.501119356,3,3,3,3,3,4,4,4,5,5,5,5
BOXING-SPLINTER,S1,BOXING,SPLINTER,-0.021940736,0.07,2,4,3,4,2,4,0.774095043,0.927193179,-1.521433083,-0.10302799,0.741119356,4,2,3,4,4,4,4,4,5,5,5,5
BRACELET-EARRING,S1,BRACELET,EARRING,0.558056986,0.3,1,1,1,1,1,5,-0.080923676,1.427193179,-2.581433083,0.08297201,1.221119356,1,1,1,1,2,2,2,2,2,2,2,2
BREAD-OMELET,S1,BREAD,OMELET,0.414708295,0.3,2,3,2,2,1,4,-0.301323579,-0.572806821,-1.916933083,0.00997201,1.186119356,3,2,2,3,1,1,1,1,1,1,1,1
BROOM-SLIMY,S2,BROOM,SLIMY,0.222618111,0.11,3,4,3,1,2,2,0.155656898,-1.072806821,-1.889933083,0.18447201,0.336119356,4,3,3,4,2,2,2,2,2,2,2,2
BUCK-SHEEP,S1,BUCK,SHEEP,0.250219586,0.15,2,3,2,3,2,4,-0.250385096,-1.572806821,0.230066917,-0.00302799,1.046119356,3,2,2,3,2,2,2,2,2,2,2,2
BUCKLE-WEAR,S1,BUCKLE,WEAR,0.438317624,0.27,3,3,6,5,2,3,-0.174350483,-1.072806821,0.085066917,-0.07302799,0.421119356,3,3,6,3,1,1,1,1,1,1,1,1
BUGGY-BUNCH,S1,BUGGY,BUNCH,0.204833502,0.22,3,4,4,4,2,2,0.140188332,-1.072806821,0.714066917,-0.02552799,0.101119356,4,3,4,4,2,2,3,3,3,3,3,4
BUILDER-TOOL,S1,BUILDER,TOOL,0.094677921,0.17,2,2,3,5,2,4,-0.616853767,-0.572806821,0.696566917,-0.16152799,0.546119356,2,2,3,2,3,3,3,3,3,3,3,4
BULLET-CERAMICS,S2,BULLET,CERAMICS,0.068931108,-0.03,3,5,3,2,2,2,0.699485287,0.927193179,-0.910933083,0.14347201,0.986119356,5,3,3,5,3,3,3,3,3,3,3,3
BUNCH-BUGGY,S2,BUNCH,BUGGY,0.204833502,0.22,3,4,4,4,2,2,0.731781263,-1.072806821,0.714066917,-0.02552799,0.101119356,4,3,4,4,2,2,3,3,3,3,3,4
BURDEN-COMPLICATED,S2,BURDEN,COMPLICATED,0.222079207,0.21,2,5,1,2,1,4,0.156363171,2.427193179,0.487066917,0.10647201,-1.318880644,5,2,1,5,2,2,2,2,2,3,3,3
BUREAU-POLYESTER,S1,BUREAU,POLYESTER,-0.002210386,0.01,2,3,3,3,2,3,1.237180303,1.427193179,-0.871933083,0.21347201,0.341119356,3,2,3,3,3,3,4,4,4,4,5,5
BUTLER-CAREER,S2,BUTLER,CAREER,0.040713219,0.17,2,3,4,2,2,4,0.683583599,-0.072806821,0.541566917,-0.08552799,-0.153880644,3,2,4,3,3,3,3,3,4,4,4,4
BUTTER-RYE,S1,BUTTER,RYE,0.296319387,0.41,2,3,1,1,1,5,-0.432408007,-1.572806821,-0.660433083,0.01297201,1.081119356,3,2,1,3,1,1,2,2,2,2,2,2
CAB-ROAD,S1,CAB,ROAD,0.222318922,0.39,2,2,4,1,2,4,-0.505737518,-2.572806821,0.973066917,-0.11852799,1.076119356,2,2,4,2,2,2,2,2,2,2,2,2
CAFETERIA-MEAL,S1,CAFETERIA,MEAL,0.409287269,0.38,2,2,1,1,1,5,-0.964654049,0.427193179,-0.863933083,0.08147201,0.926119356,2,2,1,2,1,1,1,1,1,1,1,1
CANVASS-PAD,S1,CANVASS,PAD,0.061693844,0.07,2,4,3,1,1,4,-0.548325647,-1.072806821,-1.770433083,0.06797201,0.516119356,4,2,3,4,3,3,3,4,5,5,6,6
CAREER-BUTLER,S1,CAREER,BUTLER,0.040713219,0.17,2,5,4,2,2,4,0.221367187,-0.072806821,0.541566917,-0.08552799,-0.153880644,5,2,4,5,3,3,3,3,4,4,4,4
CARNIVAL-PARADE,S1,CARNIVAL,PARADE,0.554986801,0.44,2,2,1,1,1,5,-0.765483684,0.927193179,-0.771933083,-0.10702799,0.871119356,2,2,1,2,1,1,1,1,1,1,1,1
CERAMICS-BULLET,S1,CERAMICS,BULLET,0.068931108,-0.03,3,4,3,2,2,2,0.409803214,0.927193179,-0.910933083,0.14347201,0.986119356,4,3,3,4,3,3,3,3,3,3,3,3
CEREMONY-EVERYDAY,S1,CEREMONY,EVERYDAY,-0.023022689,0.1,3,3,15,2,3,1,-0.20013039,1.927193179,0.065566917,0.09647201,-0.738880644,3,3,15,3,3,3,3,3,3,3,4,4
CHAMPAGNE-FLASK,S1,CHAMPAGNE,FLASK,0.300393563,0.07,2,6,1,2,1,5,-0.40920633,0.927193179,-1.666433083,0.22097201,1.066119356,H,2,1,6,1,1,1,2,2,2,2,2
CHASE-HER,S1,CHASE,HER,0.08659241,0.3,3,5,6,5,3,3,-0.585045623,-2.072806821,2.559066917,-0.12402799,-0.498880644,5,3,6,5,3,3,3,3,3,3,4,4
CHILDREN-SHE,S2,CHILDREN,SHE,0.300733703,0.18,3,6,3,5,2,3,-0.375519511,-0.572806821,3.640566917,-0.18352799,0.386119356,H,3,3,6,1,1,1,2,2,2,2,2
CHILI-RAW,S2,CHILI,RAW,0.183476273,0.12,2,4,4,1,1,4,-0.482622388,-2.072806821,-0.190933083,0.08447201,0.331119356,4,2,4,4,2,2,2,2,2,2,2,2
CHIPMUNK-TUG,S1,CHIPMUNK,TUG,0.106194731,0.08,4,5,15,4,3,3,0.144303849,-0.572806821,-2.426433083,0.08447201,0.496119356,5,4,15,5,3,3,3,4,4,4,4,4
CHORUS-FAITH,S1,CHORUS,FAITH,0.094065926,0.07,2,3,2,4,1,5,-0.384325527,-0.572806821,0.853566917,-0.17052799,-0.908880644,3,2,2,3,2,2,2,3,3,3,3,3
CIRCLE-CONE,S2,CIRCLE,CONE,0.293493707,0.23,2,4,3,5,2,3,0.029080564,-1.072806821,0.390066917,-0.08452799,0.911119356,4,2,3,4,1,1,2,2,2,2,2,2
CLINIC-PANE,S1,CLINIC,PANE,-0.015879812,-0.01,3,5,4,2,2,3,0.441214478,-1.072806821,-1.000933083,0.22747201,0.311119356,5,3,4,5,3,3,3,3,4,4,4,4
CLOTHES-PLEDGE,S1,CLOTHES,PLEDGE,0.075399687,0.06,2,5,15,1,3,1,-0.126652051,0.427193179,0.072066917,-0.31352799,-0.053880644,5,2,15,5,3,3,4,4,4,4,4,4
CLOWN-DEPRESSED,S1,CLOWN,DEPRESSED,0.110597984,0.15,2,3,4,1,2,4,0.477769628,0.927193179,-0.512933083,-0.09002799,-0.323880644,3,2,4,3,2,2,2,2,2,2,3,3
CLUMSY-PORK,S1,CLUMSY,PORK,0.02267691,0.09,3,3,15,3,3,2,-0.027549855,-1.072806821,-1.066433083,-0.05252799,0.041119356,3,3,15,3,3,3,3,3,3,3,4,4
COMFORT-TRANQUIL,S2,COMFORT,TRANQUIL,0.21991573,0.32,3,3,4,3,2,1,-0.352074584,1.427193179,-1.499433083,0.00147201,-1.343880644,3,3,4,3,2,2,2,2,2,2,3,3
COMMERCIAL-JOKER,S1,COMMERCIAL,JOKER,-0.015730065,0.05,3,5,15,3,3,3,-0.420199761,1.427193179,0.618066917,-0.05202799,-0.153880644,5,3,15,5,3,3,3,4,5,5,5,5
COMPASS-BIT,S2,COMPASS,BIT,0.112028656,0.04,3,5,6,5,2,2,0.302806348,-1.072806821,1.118566917,-0.14102799,0.226119356,5,3,6,5,3,3,3,3,4,4,4,5
COMPASSION-GHOUL,S1,COMPASSION,GHOUL,0.060340453,0.11,4,4,3,4,2,2,0.233643782,1.427193179,-0.100933083,0.46447201,-1.443880644,4,4,3,4,2,2,2,2,2,3,3,3
COMPLICATED-BURDEN,S1,COMPLICATED,BURDEN,0.222079207,0.21,2,2,1,2,1,4,-0.448495992,2.427193179,0.487066917,0.10647201,-1.318880644,2,2,1,2,2,2,2,2,2,3,3,3
COMPOUND-KID,S2,COMPOUND,KID,-0.008251347,0.01,3,3,4,3,3,1,-0.323248227,1.927193179,0.782066917,0.04497201,0.056119356,3,3,4,3,3,3,3,3,3,3,3,3
CONCENTRATE-WART,S1,CONCENTRATE,WART,0.050436575,0.04,3,4,15,5,3,1,0.507532159,1.427193179,-1.573433083,0.19297201,-0.053880644,4,3,15,4,3,3,3,3,4,4,5,5
CONE-CIRCLE,S1,CONE,CIRCLE,0.293493707,0.23,2,2,3,5,2,3,-0.065077559,-1.072806821,0.390066917,-0.08452799,0.911119356,2,2,3,2,1,1,2,2,2,2,2,2
CONFERENCE-SEAFOOD,S2,CONFERENCE,SEAFOOD,-0.007247039,-0.02,3,6,3,3,2,2,-0.229476405,2.427193179,0.218566917,-0.00052799,0.606119356,H,3,3,6,3,3,3,3,3,3,3,3
CONTENT-PROFESSION,S2,CONTENT,PROFESSION,0.075451249,0.18,3,5,4,2,2,1,0.672152581,-0.572806821,0.668066917,-0.11702799,-1.028880644,5,3,4,5,3,3,3,3,4,4,4,4
CONVENT-REPUBLICAN,S2,CONVENT,REPUBLICAN,0.207345733,0,4,6,15,2,3,3,0.385853818,2.427193179,-0.927433083,0.19147201,-0.363880644,H,4,15,6,2,2,2,2,2,2,2,2
COOKING-ARMY,S1,COOKING,ARMY,0.09077882,-0.01,3,3,15,3,3,1,-0.371650612,-0.572806821,0.969066917,-0.20352799,0.706119356,3,3,15,3,3,3,3,3,3,3,4,4
COPIER-QUARREL,S1,COPIER,QUARREL,0.058993541,-0.06,4,5,6,3,3,3,1.275267733,0.427193179,-1.975433083,0.11347201,0.281119356,5,4,6,5,4,4,4,4,4,5,5,5
CORK-SIDEWALK,S1,CORK,SIDEWALK,0.031209186,0.04,3,4,15,5,3,3,0.012691233,-0.072806821,-1.367433083,-0.08552799,1.171119356,4,3,15,4,2,2,2,3,3,3,3,3
COVERED-SHIP,S2,COVERED,SHIP,-0.01026607,0.07,3,4,6,2,3,1,-0.025768447,-0.572806821,1.847566917,-0.13052799,0.401119356,4,3,6,4,3,4,4,4,4,4,4,6
CRACKLE-WHISPER,S1,CRACKLE,WHISPER,0.369671799,0.27,3,4,2,4,2,3,-0.680707446,0.927193179,-2.174433083,-0.07402799,0.161119356,4,3,2,4,1,1,1,1,1,1,1,1
CREATE-DISPLAY,S1,CREATE,DISPLAY,0.135919511,0.3,2,3,3,5,2,3,-0.0630163,0.427193179,2.355066917,-0.07052799,-0.498880644,3,2,3,3,2,2,2,2,3,3,3,3
CREATIVE-ARCHITECTURE,S1,CREATIVE,ARCHITECTURE,0.23092219,0.33,2,4,2,5,1,4,0.563084949,3.927193179,1.194566917,0.19547201,-0.978880644,4,2,2,4,2,2,2,2,2,2,2,2
CREW-LUCK,S1,CREW,LUCK,0.14583329,0.23,3,4,6,3,3,1,-0.289620885,-2.072806821,1.678066917,-0.31502799,-0.893880644,4,3,6,4,3,3,3,3,4,4,4,5
CROCHET-BETTER,S2,CROCHET,BETTER,0.02285587,0.04,3,4,15,3,2,2,0.656446174,0.427193179,0.683566917,0.01697201,-0.458880644,4,3,15,4,3,3,3,3,3,3,3,4
CRUDE-INSTRUMENT,S1,CRUDE,INSTRUMENT,0.074898646,0.11,3,4,6,4,3,2,0.558192682,1.427193179,0.025566917,0.16247201,-0.623880644,4,3,6,4,3,3,3,3,3,4,4,4
CRY-TICKLE,S1,CRY,TICKLE,0.22664147,0.28,2,4,3,4,1,4,0.248460026,-1.572806821,-0.486433083,-0.16752799,0.186119356,4,2,3,4,2,2,2,2,2,2,2,2
CUBE-RECTANGLE,S2,CUBE,RECTANGLE,0.554759368,0.38,2,2,1,5,1,5,0.025346772,0.427193179,-0.668933083,-0.03452799,0.951119356,2,2,1,2,1,1,1,1,1,1,1,1
CUSS-AGENT,S2,CUSS,AGENT,0.082417983,0.02,3,5,6,3,3,1,-0.225595024,-1.572806821,-0.803933083,0.15897201,-0.363880644,5,3,6,5,3,3,3,4,4,4,4,6
CYLINDER-FORCE,S2,CYLINDER,FORCE,0.069453118,0.09,3,4,2,4,2,1,-0.307293035,1.427193179,0.103566917,0.00447201,0.081119356,4,3,2,4,3,3,4,4,4,5,5,5
DART-SLOW,S2,DART,SLOW,0.126043063,0.1,2,2,3,4,2,4,-0.40819968,-2.072806821,0.403066917,-0.22852799,0.351119356,2,2,3,2,2,2,2,2,3,3,3,3
DASH-REST,S2,DASH,REST,0.129842085,0.19,3,4,4,4,2,2,-0.459589386,-2.072806821,1.060566917,-0.23902799,-0.528880644,4,3,4,4,3,3,3,3,3,4,4,4
DECEPTION-BETRAY,S2,DECEPTION,BETRAY,0.315040865,0.09,2,2,2,1,1,4,0.048842188,1.427193179,-1.509433083,0.37447201,-1.723880644,2,2,2,2,1,1,1,1,2,2,2,2
DECOMPOSE-DISSOLVE,S2,DECOMPOSE,DISSOLVE,0.327327209,0.19,1,1,2,4,1,4,0.332597147,2.427193179,-2.116933083,0.18847201,-0.663880644,1,1,2,1,1,1,1,1,1,2,2,2
DEODORANT-BEACH,S1,DEODORANT,BEACH,0.162370164,0.03,3,3,4,3,2,1,-0.1913446,0.927193179,-0.961433083,0.11997201,1.156119356,3,3,4,3,2,2,2,3,3,3,3,3
DEPRESSED-CLOWN,S2,DEPRESSED,CLOWN,0.110597984,0.15,2,4,4,1,2,4,-0.038814071,-0.572806821,0.203566917,-0.09902799,-0.323880644,4,2,4,4,2,2,2,2,2,2,3,3
DETECTIVE-TREASON,S2,DETECTIVE,TREASON,0.079190489,0.19,2,3,2,1,1,4,-0.107596766,1.927193179,0.483066917,0.21447201,-0.618880644,3,2,2,3,2,2,2,2,2,2,2,2
DETERGENT-ASLEEP,S1,DETERGENT,ASLEEP,0.006124212,-0.04,4,4,4,5,3,2,0.088958049,1.427193179,-1.010433083,0.11297201,0.501119356,4,4,4,4,3,3,3,3,3,3,3,3
DIAMOND-HOOK,S1,DIAMOND,HOOK,0.044578433,0.12,3,5,6,2,3,1,-0.21127146,-0.572806821,0.942066917,-0.14702799,1.101119356,5,3,6,5,2,3,3,3,3,3,3,3
DIGESTION-POPULAR,S2,DIGESTION,POPULAR,-0.050049995,-0.01,3,5,15,2,2,1,0.110199665,0.427193179,0.619566917,-0.14352799,-0.828880644,5,3,15,5,3,3,3,4,4,4,4,4
DIGIT-SCHEDULE,S1,DIGIT,SCHEDULE,0.046672352,0.3,3,3,3,2,2,2,-0.31417685,0.427193179,0.306566917,0.22947201,0.261119356,3,3,3,3,3,3,3,3,4,5,5,6
DIRECTION-REFRAIN,S2,DIRECTION,REFRAIN,0.08970286,0.03,2,5,2,5,2,3,0.648874118,1.427193179,-1.351433083,0.41947201,-1.038880644,5,2,2,5,3,3,4,4,4,4,4,5
DISGUST-SCARED,S1,DISGUST,SCARED,0.184471954,0.26,3,3,4,4,2,1,-0.200226159,0.427193179,-0.389433083,0.15097201,-1.393880644,3,3,4,3,2,2,2,2,2,2,2,2
DISPERSE-JOURNEY,S1,DISPERSE,JOURNEY,0.014471584,0.02,3,3,15,3,2,1,-0.407923269,1.427193179,-1.085433083,0.13097201,-1.028880644,3,3,15,3,2,2,2,3,3,3,3,4
DISPLAY-CREATE,S2,DISPLAY,CREATE,0.135919511,0.3,2,3,3,5,2,3,-0.140421012,2.427193179,-2.588433083,0.19447201,-0.498880644,3,2,3,3,2,2,2,2,3,3,3,3
DISSOLVE-DECOMPOSE,S1,DISSOLVE,DECOMPOSE,0.327327209,0.19,1,3,2,4,1,4,0.623221438,2.427193179,-2.116933083,0.18847201,-0.663880644,3,1,2,3,1,1,1,1,1,2,2,2
DOWNSTREAM-SNORKEL,S2,DOWNSTREAM,SNORKEL,0.160708217,0.26,2,3,3,1,1,4,-0.104267467,-0.572806821,-2.249433083,0.28697201,0.636119356,3,2,3,3,2,2,2,2,2,2,2,2
DOZE-NOISY,S1,DOZE,NOISY,0.196324928,0.1,3,3,6,4,2,3,0.01669387,-1.572806821,-1.873933083,-0.10502799,-0.228880644,3,3,6,3,2,2,2,2,2,2,2,2
DRIVER-POP,S1,DRIVER,POP,0.028601721,0.07,3,3,15,4,2,1,0.074414899,-1.572806821,1.947066917,-0.26802799,0.726119356,3,3,15,3,3,3,3,3,3,3,3,4
DROP-HOLD,S1,DROP,HOLD,0.286099516,0.49,1,1,2,4,1,4,-0.606252165,-2.072806821,2.323066917,-0.21402799,0.206119356,1,1,2,1,1,2,2,2,2,2,2,2
DUE-LOTTERY,S2,DUE,LOTTERY,0.008180999,0.1,2,3,4,1,2,3,-0.640921576,-1.072806821,1.435066917,-0.21902799,-0.038880644,3,2,4,3,3,4,4,5,5,6,6,6
EARNESTNESS-CELL,S2,EARNESTNESS,CELL,-0.04016939,0.02,3,4,6,5,3,1,-0.118302408,1.427193179,-1.685433083,0.56747201,-0.688880644,4,3,6,4,3,3,3,3,4,4,4,4
EARRING-BRACELET,S2,EARRING,BRACELET,0.558056986,0.3,1,2,1,1,1,5,-0.145595637,2.927193179,-1.280933083,0.11147201,1.221119356,2,1,1,2,2,2,2,2,2,2,2,2
ELIMINATION-UNUSED,S1,ELIMINATION,UNUSED,0.113883875,0.14,3,4,15,5,2,1,1.254364822,2.427193179,-0.410933083,0.46047201,-1.413880644,4,3,15,4,3,3,3,4,4,5,5,5
ELK-UNICORN,S1,ELK,UNICORN,0.27126592,-0.03,2,2,1,5,1,4,-0.422536779,-1.072806821,-1.019433083,0.13047201,0.536119356,2,2,1,2,2,2,2,2,2,2,2,2
EMPLOYER-INCOME,S1,EMPLOYER,INCOME,0.24132354,0.22,2,4,2,1,1,5,-0.090668658,0.927193179,1.713566917,-0.02652799,-0.298880644,4,2,2,4,2,2,2,2,2,2,2,2
ENGAGE-AGAIN,S1,ENGAGE,AGAIN,0.094806035,0.1,2,2,2,4,2,4,-0.168530401,-0.572806821,2.019066917,-0.00602799,-1.703880644,2,2,2,2,2,2,2,2,3,3,3,3
EQUAL-ODD,S2,EQUAL,ODD,0.215214546,0.12,2,2,4,2,2,4,0.557059008,-2.072806821,0.822566917,-0.10652799,-1.608880644,2,2,4,2,2,2,2,2,2,2,2,2
ERECT-SCALPEL,S2,ERECT,SCALPEL,0.035885362,0.12,3,5,6,5,2,1,0.620795058,-0.072806821,-2.998933083,0.57897201,0.561119356,5,3,6,5,3,3,3,3,3,4,4,4
EVERYDAY-CEREMONY,S2,EVERYDAY,CEREMONY,-0.023022689,0.1,3,3,15,2,3,1,0.092449012,1.927193179,0.065566917,0.09647201,-0.738880644,3,3,15,3,3,3,3,3,3,3,4,4
EXHAUSTED-SCHEME,S2,EXHAUSTED,SCHEME,0.02659086,0.2,3,6,15,5,3,3,-0.203946395,-0.072806821,1.213566917,-0.04502799,-1.098880644,H,3,15,6,4,4,4,4,4,4,4,4
EXPRESS-TRUTHFUL,S2,EXPRESS,TRUTHFUL,0.153335603,0.16,3,4,4,2,2,3,-0.236625949,1.427193179,-0.028933083,-0.05802799,-1.683880644,4,3,4,4,2,2,2,2,2,2,2,2
FACE-FRIENDLINESS,S1,FACE,FRIENDLINESS,0.074923839,0.22,2,4,3,4,2,3,1.405333836,1.927193179,0.068066917,0.18297201,-0.123880644,4,2,3,4,3,3,3,3,3,4,4,4
FACTOR-FIGURE,S2,FACTOR,FIGURE,0.213051597,0.2,2,2,2,1,2,3,0.099171107,-0.572806821,1.840066917,-0.25402799,-0.528880644,2,2,2,2,2,2,2,2,3,3,3,4
FAITH-CHORUS,S2,FAITH,CHORUS,0.094065926,0.07,2,3,2,4,1,5,-0.340990119,-1.072806821,1.072566917,-0.17802799,-0.908880644,3,2,2,3,2,2,2,3,3,3,3,3
FAMINE-FEED,S1,FAMINE,FEED,0.267847693,0.32,2,2,4,1,1,5,-0.454475698,-1.072806821,-0.218433083,0.06897201,0.121119356,2,2,4,2,2,2,2,2,2,2,2,2
FANCY-FRIENDLY,S2,FANCY,FRIENDLY,0.137830755,0.2,2,2,2,3,2,3,-0.035150246,1.427193179,-1.214433083,-0.01252799,-1.328880644,2,2,2,2,2,2,2,2,2,2,2,2
FARMER-TULIP,S2,FARMER,TULIP,0.260313982,0.13,3,3,4,2,2,1,0.165378221,-1.072806821,-0.639433083,-0.00302799,1.031119356,3,3,4,3,2,2,2,2,2,2,2,2
FAT-HEAVY,S2,FAT,HEAVY,0.096191415,0.26,1,3,3,4,1,4,-0.477571888,-2.072806821,1.698066917,-0.31952799,0.206119356,3,1,3,3,2,2,2,3,3,3,3,4
FAULT-FELT,S2,FAULT,FELT,0.121345551,0.21,3,6,6,3,2,1,0.510458013,-2.572806821,1.414066917,-0.22052799,-1.013880644,H,3,6,6,2,2,2,2,2,3,3,3
FEED-FAMINE,S2,FEED,FAMINE,0.267847693,0.32,2,5,4,1,1,5,0.067200076,-2.072806821,0.679566917,0.08647201,0.121119356,5,2,4,5,2,2,2,2,2,2,2,2
FELT-FAULT,S1,FELT,FAULT,0.121345551,0.21,3,4,6,3,2,1,-0.108576083,-1.572806821,1.718066917,0.01797201,-1.013880644,4,3,6,4,2,2,2,2,2,3,3,3
FEMALE-GROOM,S1,FEMALE,GROOM,0.210661993,0.07,3,5,3,2,2,2,-0.313006297,-0.572806821,0.407066917,0.05847201,0.816119356,5,3,3,5,2,3,3,3,3,3,3,3
FIGURE-FACTOR,S1,FIGURE,FACTOR,0.213051597,0.2,2,6,2,1,2,3,-0.015369127,-0.072806821,1.846566917,-0.15702799,-0.528880644,H,2,2,6,2,2,2,2,3,3,3,4
FILE-POUND,S1,FILE,POUND,-0.067850988,0.08,3,3,4,2,2,1,0.445273524,-1.572806821,2.148566917,-0.17752799,0.771119356,3,3,4,3,3,4,4,4,5,5,6,6
FIN-ZUCCHINI,S2,FIN,ZUCCHINI,0.202066516,0.01,3,6,15,1,2,2,0.696513882,1.427193179,-2.915433083,0.34547201,1.076119356,H,3,15,6,2,2,2,2,2,2,2,2
FINAL-SPONGE,S1,FINAL,SPONGE,-0.004663988,0.04,4,5,6,4,2,2,0.124229989,-0.572806821,0.443066917,-0.07452799,0.096119356,5,4,6,5,3,3,3,3,4,4,4,5
FIREMAN-LID,S2,FIREMAN,LID,0.112087945,0.16,3,4,15,2,3,2,-0.351115021,0.427193179,-0.067433083,-0.00402799,1.141119356,4,3,15,4,2,2,3,3,3,3,3,3
FLASK-CHAMPAGNE,S2,FLASK,CHAMPAGNE,0.300393563,0.07,2,2,1,2,1,5,0.080843868,1.427193179,-0.641433083,0.04197201,1.066119356,2,2,1,2,1,1,1,2,2,2,2,2
FLUNK-TEST,S2,FLUNK,TEST,0.385581165,0.41,2,2,1,2,1,5,-0.582163643,-1.072806821,-3.241933083,0.19397201,-0.573880644,2,2,1,2,2,2,2,3,3,3,3,4
FOOLISH-STRIVE,S2,FOOLISH,STRIVE,0.098532536,0.12,3,4,6,3,3,1,0.329755569,-1.072806821,1.082566917,-0.14052799,-1.783880644,4,3,6,4,2,2,2,2,2,2,3,3
FORCE-CYLINDER,S1,FORCE,CYLINDER,0.069453118,0.09,3,4,2,4,2,1,0.478776436,0.427193179,1.218066917,0.11097201,0.081119356,4,3,2,4,3,3,4,4,4,5,5,5
FORESIGHT-ALGEBRA,S1,FORESIGHT,ALGEBRA,0.034402119,0.03,3,4,6,3,3,2,0.165837849,1.927193179,-1.480933083,0.17447201,-1.273880644,4,3,6,4,3,3,3,3,3,3,3,3
FORM-MESSAGE,S2,FORM,MESSAGE,0.137138204,0.09,2,3,2,4,1,5,-0.008552986,-0.572806821,0.771566917,-0.11902799,-0.188880644,3,2,2,3,3,3,3,5,5,5,5,6
FRAGRANCE-LUNCH,S1,FRAGRANCE,LUNCH,0.004626758,0.15,3,3,6,2,2,2,-0.488694342,0.927193179,-0.818433083,-0.03152799,0.431119356,3,3,6,3,2,2,3,3,3,3,3,3
FRIENDLINESS-FACE,S2,FRIENDLINESS,FACE,0.074923839,0.22,2,2,3,4,2,3,-0.401279727,-0.072806821,-0.994933083,0.08947201,-0.123880644,2,2,3,2,3,3,3,3,3,4,4,4
FRIENDLY-FANCY,S1,FRIENDLY,FANCY,0.137830755,0.2,2,4,2,3,2,3,-0.535911239,0.427193179,0.691066917,-0.13552799,-1.328880644,4,2,2,4,2,2,2,2,2,2,2,2
FRIGID-SPEAKER,S2,FRIGID,SPEAKER,-0.038040698,0.09,3,5,15,5,3,2,-0.005050477,-0.072806821,-1.021933083,0.08247201,0.246119356,5,3,15,5,3,3,3,4,4,4,4,5
FRISK-THIEF,S2,FRISK,THIEF,0.132239584,-0.08,2,3,4,2,2,4,0.172456323,-1.072806821,-0.110433083,-0.16452799,-0.158880644,3,2,4,3,2,2,2,2,2,3,3,3
FUSS-AMBULANCE,S1,FUSS,AMBULANCE,-0.012715795,0.06,3,4,6,4,2,1,0.141605875,0.427193179,-1.225933083,0.23097201,-0.118880644,4,3,6,4,3,3,3,4,4,4,4,4
GALAXY-SPACE,S2,GALAXY,SPACE,0.229618045,0.39,1,1,2,1,2,3,-0.647955468,-0.572806821,1.741566917,-0.24602799,-0.138880644,1,1,2,1,2,2,2,2,4,5,5,5
GAMBLE-LOAF,S2,GAMBLE,LOAF,0.100832417,0.04,3,4,15,2,3,3,-0.40585397,-1.572806821,0.564066917,0.18897201,0.241119356,4,3,15,4,3,3,3,3,4,4,4,4
GENDER-SEX,S1,GENDER,SEX,0.457137405,0.67,1,1,1,1,1,5,-0.891135367,-1.572806821,1.554066917,-0.22602799,-0.023880644,1,1,1,1,1,1,1,1,1,1,1,1
GHOUL-COMPASSION,S2,GHOUL,COMPASSION,0.060340453,0.11,4,5,3,4,2,2,0.427621604,2.427193179,-1.224933083,0.20347201,-1.443880644,5,4,3,5,2,2,2,2,2,3,3,3
GOODS-PLAZA,S2,GOODS,PLAZA,0.079698273,0.02,2,6,2,3,2,3,-0.306369409,-1.072806821,-0.600433083,0.26497201,0.611119356,H,2,2,6,3,3,3,3,3,3,3,3
GOVERNOR-LIBEL,S1,GOVERNOR,LIBEL,0.141063848,0.05,3,7,4,3,2,3,0.999696917,0.427193179,-0.356933083,0.43047201,-0.598880644,H,3,4,7,3,3,3,3,4,4,4,4
GRAFT-WRITE,S2,GRAFT,WRITE,0.071294523,-0.03,2,2,3,1,1,4,0.548880054,-1.072806821,0.969566917,0.03597201,0.071119356,2,2,3,2,3,3,3,3,3,4,5,5
GRATE-VOYAGE,S1,GRATE,VOYAGE,0.085152942,0.04,3,3,15,2,3,2,-0.018353745,-0.572806821,-1.478933083,0.09297201,0.386119356,3,3,15,3,3,3,3,3,3,3,3,3
GROOM-FEMALE,S2,GROOM,FEMALE,0.210661993,0.07,3,3,3,2,2,2,-0.236060255,-1.572806821,2.208066917,0.03347201,0.816119356,3,3,3,3,2,3,3,3,3,3,3,3
GUIDE-ORDINARY,S2,GUIDE,ORDINARY,0.037790161,0.12,3,4,15,2,2,1,-0.250275557,0.927193179,-0.891433083,0.11197201,-0.993880644,4,3,15,4,3,4,4,4,4,4,4,5
HALL-MILE,S1,HALL,MILE,0.044362953,0.13,2,3,4,2,1,4,0.194868695,-2.072806821,1.151566917,-0.18052799,0.411119356,3,2,4,3,2,2,3,3,3,3,3,4
HARBOR-SAILOR,S2,HARBOR,SAILOR,0.321314832,0.61,2,3,1,4,1,5,-0.250295474,0.427193179,-0.334433083,-0.14752799,0.976119356,3,2,1,3,1,1,1,1,1,2,2,2
HAT-KITTEN,S2,HAT,KITTEN,0.166502462,0.21,2,2,3,5,1,4,0.428737447,-1.072806821,1.353566917,-0.09802799,1.131119356,2,2,3,2,2,2,2,2,2,2,2,3
HEADBAND-STOCKING,S1,HEADBAND,STOCKING,0.109022711,0.1,3,4,2,4,2,2,0.247998283,1.927193179,-2.492433083,0.01597201,1.191119356,4,3,2,4,2,2,2,2,2,3,4,4
HEAVY-FAT,S1,HEAVY,FAT,0.096191415,0.26,1,1,3,4,1,4,-0.330652911,-2.072806821,1.698066917,-0.31952799,0.206119356,1,1,3,1,2,2,2,3,3,3,3,4
HER-CHASE,S2,HER,CHASE,0.08659241,0.3,3,4,6,5,3,3,0.120487147,-1.572806821,1.976566917,-0.29452799,-0.498880644,4,3,6,4,3,3,3,3,3,3,4,4
HIGH-TRUCK,S2,HIGH,TRUCK,0.037095224,0.11,2,3,3,4,2,2,-0.579149666,-1.572806821,-1.438933083,0.12747201,0.411119356,3,2,3,3,3,3,3,3,4,5,5,5
HINGE-TERROR,S1,HINGE,TERROR,0.084474529,0.03,3,4,4,5,3,3,0.050099901,-0.572806821,-0.685433083,0.00597201,-0.238880644,4,3,4,4,4,4,4,4,4,4,4,4
HITCH-NUT,S1,HITCH,NUT,0.041836627,0.08,3,4,15,3,3,2,-0.346876034,-2.072806821,-0.762933083,-0.06202799,0.486119356,4,3,15,4,3,3,3,3,4,4,4,4
HOBO-PENNY,S2,HOBO,PENNY,0.199649773,0.09,3,4,6,4,2,3,-0.136522012,-2.072806821,2.336066917,-0.28702799,0.736119356,4,3,6,4,3,3,3,4,4,4,4,4
HOLD-DROP,S2,HOLD,DROP,0.286099516,0.49,1,1,2,4,1,4,-0.776377381,0.427193179,1.380066917,-0.14952799,0.206119356,1,1,2,1,1,2,2,2,2,2,2,2
HONEY-WOODS,S1,HONEY,WOODS,0.220750215,0.18,2,2,4,2,2,2,-0.169852749,-1.072806821,0.482066917,-0.21202799,1.136119356,2,2,4,2,2,2,2,2,2,2,2,3
HOOK-DIAMOND,S2,HOOK,DIAMOND,0.044578433,0.12,3,3,6,2,3,1,-0.26681672,1.427193179,-0.579933083,-0.01502799,1.101119356,3,3,6,3,2,3,3,3,3,3,3,3
HORRIBLE-SCRAMBLE,S1,HORRIBLE,SCRAMBLE,0.126889353,0.08,3,4,3,4,3,1,0.104815688,1.927193179,-0.575933083,-0.02752799,-0.983880644,4,3,3,4,2,2,3,3,3,3,3,3
HOSTILITY-FIST,S1,HOSTILITY,FIST,0.14897007,0.09,2,2,1,1,1,5,0.332990129,0.427193179,-0.509433083,0.19697201,-0.153880644,2,2,1,2,2,3,3,3,3,3,3,3
IMPACT-SHATTER,S1,IMPACT,SHATTER,0.112025416,0.07,3,3,2,5,2,3,0.077681221,0.427193179,0.221066917,0.08497201,-0.463880644,3,3,2,3,2,2,2,2,2,2,2,2
INCOME-EMPLOYER,S2,INCOME,EMPLOYER,0.24132354,0.22,2,5,2,1,1,5,-0.451115145,3.927193179,-0.601933083,0.31897201,-0.298880644,5,2,2,5,2,2,2,2,2,2,2,2
INJECTION-ALLERGY,S2,INJECTION,ALLERGY,0.165940218,0.18,2,4,3,1,1,4,-0.26261273,1.427193179,-1.137933083,0.23047201,0.031119356,4,2,3,4,2,2,3,3,3,3,3,3
INSTANT-APPENDAGE,S1,INSTANT,APPENDAGE,0.080554733,0.04,4,5,3,5,3,2,1.383118783,1.927193179,-1.365433083,0.31147201,-0.258880644,5,4,3,5,3,3,3,4,4,4,4,5
INSTRUMENT-CRUDE,S2,INSTRUMENT,CRUDE,0.074898646,0.11,3,5,6,4,3,2,-0.197640169,-2.572806821,-1.261933083,-0.06602799,-0.623880644,5,3,6,5,3,3,3,3,3,4,4,4
INTEGRITY-PRESIDENT,S1,INTEGRITY,PRESIDENT,0.148052235,0.11,2,3,6,4,2,3,0.694932674,2.927193179,1.506566917,0.31747201,-0.818880644,3,2,6,3,2,2,2,2,2,2,3,3
INTERSTATE-VEER,S1,INTERSTATE,VEER,0.150738423,0.03,2,3,4,1,1,5,0.582559444,0.927193179,-1.805433083,0.31797201,-0.178880644,3,2,4,3,3,3,3,3,3,3,3,4
ISSUE-TOPIC,S1,ISSUE,TOPIC,0.552595371,0.11,1,1,1,1,1,5,-0.441835627,-1.072806821,2.418066917,-0.12952799,-1.258880644,1,1,1,1,1,1,1,1,1,1,1,1
JOKER-COMMERCIAL,S2,JOKER,COMMERCIAL,-0.015730065,0.05,3,4,15,3,3,3,0.10147898,2.427193179,2.017566917,-0.08702799,-0.153880644,4,3,15,4,3,3,3,4,5,5,5,5
JOURNAL-MEDIA,S2,JOURNAL,MEDIA,0.091517584,0.04,2,3,2,1,1,4,-0.649318963,-0.572806821,0.976066917,-0.14952799,0.361119356,3,2,2,3,2,2,2,2,2,2,2,2
JOURNEY-DISPERSE,S2,JOURNEY,DISPERSE,0.014471584,0.02,3,4,15,3,2,1,0.76911153,1.427193179,-0.817933083,0.02997201,-1.028880644,4,3,15,4,2,2,2,3,3,3,3,4
JOY-RODENT,S2,JOY,RODENT,0.046544591,-0.02,4,4,6,2,2,3,-0.201200718,-1.572806821,-0.534433083,-0.12952799,-0.203880644,4,4,6,4,3,3,3,3,3,3,3,3
JUICE-BANANA,S2,JUICE,BANANA,0.472107224,0.22,2,2,1,2,1,5,-0.567174603,-0.072806821,-1.005933083,0.07497201,1.206119356,2,2,1,2,1,1,1,1,1,1,1,1
KEYBOARD-MUSIC,S1,KEYBOARD,MUSIC,0.333661704,0.1,1,1,1,1,1,5,-0.571637217,0.427193179,2.495566917,-0.13652799,0.881119356,1,1,1,1,1,1,1,1,1,1,2,2
KID-COMPOUND,S1,KID,COMPOUND,-0.008251347,0.01,3,5,4,3,3,1,0.282288923,-0.572806821,0.518066917,-0.15352799,0.056119356,5,3,4,5,3,3,3,3,3,3,3,3
KIDS-SON,S1,KIDS,SON,0.408323571,0.08,3,3,2,1,2,2,-0.721445142,-2.572806821,2.108566917,-0.35752799,0.636119356,3,3,2,3,1,1,1,1,1,1,1,1
KITTEN-HAT,S1,KITTEN,HAT,0.166502462,0.21,2,3,3,5,1,4,-0.328272116,-1.572806821,-0.102933083,-0.31202799,1.131119356,3,2,3,3,2,2,2,2,2,2,2,3
LADDER-PREJUDICE,S2,LADDER,PREJUDICE,0.085497035,0.07,3,6,15,5,3,2,0.10324943,-0.572806821,0.756066917,-0.08052799,-0.128880644,H,3,15,6,3,4,4,4,4,5,5,5
LAP-SHOE,S1,LAP,SHOE,0.091676439,0.23,3,3,15,5,2,2,-0.505573532,-2.572806821,0.013066917,-0.08402799,0.801119356,3,3,15,3,2,2,2,2,2,2,2,2
LAUNDRY-WASH,S2,LAUNDRY,WASH,0.390766303,0.48,1,1,1,2,1,5,-0.926471415,-0.572806821,-0.233433083,-0.10502799,0.901119356,1,1,1,1,1,1,1,1,1,1,1,1
LAWYER-PROSECUTE,S1,LAWYER,PROSECUTE,0.337807238,0.47,1,4,1,4,1,5,0.456613981,1.427193179,-0.364433083,0.02297201,-0.168880644,4,1,1,4,1,1,1,1,1,1,2,2
LESS-LOTS,S2,LESS,LOTS,0.274053511,0.09,1,3,2,3,1,5,-0.056995665,-1.072806821,-0.838433083,-0.14302799,-0.703880644,3,1,2,3,2,2,2,2,2,2,2,2
LESSON-ASSOCIATE,S2,LESSON,ASSOCIATE,0.003884354,0.1,2,3,4,2,2,3,1.061443643,0.427193179,0.568066917,-0.11352799,-0.638880644,3,2,4,3,3,3,3,3,3,3,3,3
LIBEL-GOVERNOR,S2,LIBEL,GOVERNOR,0.141063848,0.05,3,4,4,3,2,3,0.184132932,0.427193179,-0.356933083,0.43047201,-0.598880644,4,3,4,4,3,3,3,3,4,4,4,4
LID-FIREMAN,S1,LID,FIREMAN,0.112087945,0.16,3,4,15,2,3,2,0.856478294,-1.072806821,-1.803933083,0.00597201,1.141119356,4,3,15,4,2,2,3,3,3,3,3,3
LOAF-GAMBLE,S1,LOAF,GAMBLE,0.100832417,0.04,3,4,15,2,3,3,-0.243419306,-1.072806821,-1.297933083,-0.06352799,0.241119356,4,3,15,4,3,3,3,3,4,4,4,4
LOTS-LESS,S1,LOTS,LESS,0.274053511,0.09,1,1,2,3,1,5,-0.334773283,-2.072806821,2.920566917,-0.33852799,-0.703880644,1,1,2,1,2,2,2,2,2,2,2,2
LOTTERY-DUE,S1,LOTTERY,DUE,0.008180999,0.1,2,4,4,1,2,3,0.021059235,-1.072806821,1.435066917,-0.21902799,-0.038880644,4,2,4,4,3,4,4,5,5,6,6,6
LUCK-CREW,S2,LUCK,CREW,0.14583329,0.23,3,4,6,3,3,1,-0.567720038,-0.572806821,1.612566917,-0.15352799,-0.893880644,4,3,6,4,3,3,3,3,4,4,4,5
LUNCH-FRAGRANCE,S2,LUNCH,FRAGRANCE,0.004626758,0.15,3,5,6,2,2,2,0.235624064,1.927193179,0.454066917,-0.04202799,0.431119356,5,3,6,5,2,2,3,3,3,3,3,3
LUST-ADORE,S1,LUST,ADORE,0.34671182,0.26,2,2,1,1,1,5,-0.648764369,-1.572806821,-0.849433083,0.02447201,-1.493880644,2,2,1,2,1,1,1,1,1,1,1,2
MACHINE-RELAX,S2,MACHINE,RELAX,0.01095731,0.02,2,2,15,4,3,1,-0.262509839,-0.072806821,0.239066917,-0.15252799,-0.183880644,2,2,15,2,3,3,3,3,3,3,4,4
MAFIA-VIOLENCE,S1,MAFIA,VIOLENCE,0.227550091,0.09,2,2,2,1,1,5,-0.657232624,0.427193179,0.197566917,0.08797201,-0.373880644,2,2,2,2,2,2,2,2,2,2,2,2
MAGNET-ALTER,S1,MAGNET,ALTER,0.02556319,0,4,5,15,3,3,3,0.073474116,-0.572806821,-0.300433083,-0.08302799,0.146119356,5,4,15,5,3,4,4,4,4,4,4,4
MAILBOX-BANK,S2,MAILBOX,BANK,0.218892094,0.01,3,3,6,4,2,3,-0.662180063,-2.072806821,2.253566917,-0.27902799,1.151119356,3,3,6,3,2,3,3,3,3,3,3,3
MALL-QUARTER,S2,MALL,QUARTER,0.058713255,0.11,2,3,6,2,2,4,0.089969327,1.927193179,-0.649433083,0.20247201,0.891119356,3,2,6,3,3,3,3,3,3,3,3,4
MANSION-APARTMENT,S1,MANSION,APARTMENT,0.50696682,0.41,2,2,1,5,1,4,-0.587839785,1.927193179,-0.410433083,0.11747201,1.156119356,2,2,1,2,1,1,1,1,1,1,1,1
MARROW-VOICE,S1,MARROW,VOICE,0.103999129,0.04,3,3,2,4,2,3,-0.20713775,-0.572806821,0.484066917,-0.00602799,0.566119356,3,3,2,3,3,3,3,3,3,3,4,4
MASH-ONION,S1,MASH,ONION,0.252851144,0.02,3,3,3,3,2,2,-0.649755218,-1.572806821,-1.018933083,-0.01602799,0.581119356,3,3,3,3,2,2,2,2,2,2,2,2
MASK-PUSH,S1,MASK,PUSH,0.02964748,0.14,3,3,6,4,2,2,-0.782823329,-2.072806821,1.001066917,-0.29252799,0.846119356,3,3,6,3,3,3,3,3,3,3,3,3
MATTRESS-BEDROOM,S1,MATTRESS,BEDROOM,0.440580858,0.56,2,3,1,4,1,5,-0.513389757,1.427193179,-0.668433083,-0.02252799,1.211119356,3,2,1,3,1,1,1,1,1,1,1,1
MAYBE-SILVERWARE,S2,MAYBE,SILVERWARE,0.114210458,0.09,4,5,15,3,3,1,0.49795186,0.927193179,-1.504433083,0.00797201,-0.648880644,5,4,15,5,2,2,3,3,3,3,4,4
MEADOW-PLANT,S1,MEADOW,PLANT,0.195211,0.17,2,2,1,1,1,5,-0.135455973,-0.572806821,-0.209433083,-0.05252799,1.071119356,2,2,1,2,2,2,2,2,2,2,2,2
MEAL-CAFETERIA,S2,MEAL,CAFETERIA,0.409287269,0.38,2,6,1,1,1,5,-0.195693149,1.927193179,-0.309933083,0.20447201,0.926119356,H,2,1,6,1,1,1,1,1,1,1,1
MEASURE-SINCE,S2,MEASURE,SINCE,0.079285621,0.19,2,6,15,4,3,3,0.809362245,-1.572806821,2.496566917,-0.16552799,-1.253880644,H,2,15,6,3,3,3,4,4,4,4,4
MEDIA-JOURNAL,S1,MEDIA,JOURNAL,0.091517584,0.04,2,2,2,1,1,4,-0.523664644,-0.072806821,1.980566917,-0.18502799,0.361119356,2,2,2,2,2,2,2,2,2,2,2,2
MEEK-VULNERABLE,S2,MEEK,VULNERABLE,0.210435556,0.04,1,4,2,5,1,4,-0.413702993,2.427193179,-0.802433083,0.21347201,-1.628880644,4,1,2,4,2,2,2,2,2,2,2,3
MESSAGE-FORM,S1,MESSAGE,FORM,0.137138204,0.09,2,4,2,4,1,5,-0.62517342,-0.572806821,3.404566917,-0.13352799,-0.188880644,4,2,2,4,3,3,3,5,5,5,5,6
MILE-HALL,S2,MILE,HALL,0.044362953,0.13,2,4,4,2,1,4,0.254393511,-0.572806821,-1.422433083,0.05297201,0.411119356,4,2,4,4,2,2,3,3,3,3,3,4
MIX-RASPBERRY,S2,MIX,RASPBERRY,0.187145058,0.05,3,4,4,2,2,1,-0.141166318,2.427193179,-1.154433083,0.22247201,0.636119356,4,3,4,4,2,2,2,2,2,2,2,2
MORTGAGE-OWE,S2,MORTGAGE,OWE,0.228732399,0.38,1,1,1,2,1,5,-0.001631116,-1.072806821,3.164066917,-0.32402799,-1.133880644,1,1,1,1,2,2,2,3,3,3,3,3
MUSIC-KEYBOARD,S2,MUSIC,KEYBOARD,0.333661704,0.1,1,2,1,1,1,5,-0.720541256,-1.072806821,0.764566917,-0.28102799,0.881119356,2,1,1,2,1,1,1,1,1,1,2,2
NASTY-APPEARANCE,S1,NASTY,APPEARANCE,0.099780601,0.15,2,5,2,2,1,5,0.374060195,1.427193179,0.865066917,-0.09602799,-1.268880644,5,2,2,5,3,3,3,3,3,3,3,4
NEW-SLEEPY,S1,NEW,SLEEPY,0.109878206,0.12,3,4,3,5,2,3,0.044142347,-1.572806821,1.638066917,-0.17902799,-0.948880644,4,3,3,4,3,3,3,3,4,4,4,4
NEWS-THINK,S1,NEWS,THINK,0.128014534,0.12,3,3,6,5,2,1,-0.429032981,-1.572806821,4.005566917,-0.21502799,-0.828880644,3,3,6,3,2,3,3,3,3,3,3,3
NINE-TELLER,S2,NINE,TELLER,-0.011192478,0.05,3,4,6,4,2,3,0.318718335,-1.572806821,-0.872933083,-0.18002799,0.471119356,4,3,6,4,3,3,3,3,3,4,4,4
NITROGEN-OXYGEN,S1,NITROGEN,OXYGEN,0.504818186,0.73,1,1,1,2,1,5,-0.675935594,0.927193179,-0.497933083,0.06447201,-0.203880644,1,1,1,1,2,2,2,2,2,2,2,2
NOISY-DOZE,S2,NOISY,DOZE,0.196324928,0.1,3,4,6,4,2,3,-0.150418439,-1.572806821,-1.873933083,-0.10502799,-0.228880644,4,3,6,4,2,2,2,2,2,2,2,2
NOTEBOOK-PARAGRAPH,S1,NOTEBOOK,PARAGRAPH,0.119714037,0.06,2,3,2,4,1,4,0.289311467,2.427193179,0.517566917,-0.08402799,0.701119356,3,2,2,3,2,3,3,3,3,3,3,3
NUT-HITCH,S2,NUT,HITCH,0.041836627,0.08,3,5,15,3,3,2,1.014657434,-0.072806821,-1.853933083,0.07247201,0.486119356,5,3,15,5,3,3,3,3,4,4,4,4
OCEAN-STREAM,S1,OCEAN,STREAM,0.222781915,0.25,2,2,4,1,1,4,-0.624698996,-0.572806821,0.688566917,-0.18252799,0.941119356,2,2,4,2,2,2,2,2,2,2,2,2
ODD-EQUAL,S1,ODD,EQUAL,0.215214546,0.12,2,2,4,2,2,4,-0.851725682,-2.072806821,1.504066917,-0.15952799,-1.608880644,2,2,4,2,2,2,2,2,2,2,2,2
OFTEN-VOLCANO,S1,OFTEN,VOLCANO,0.002784112,0.05,4,5,15,4,3,2,-0.488723008,-0.072806821,1.205566917,-0.08802799,-0.113880644,5,4,15,5,3,3,4,4,4,4,5,5
OMELET-BREAD,S2,OMELET,BREAD,0.414708295,0.3,2,2,2,2,1,4,-0.955016962,-1.072806821,-0.159933083,-0.16702799,1.186119356,2,2,2,2,1,1,1,1,1,1,1,1
ONION-MASH,S2,ONION,MASH,0.252851144,0.02,3,3,3,3,2,2,-0.377955952,0.427193179,0.351566917,0.05897201,0.581119356,3,3,3,3,2,2,2,2,2,2,2,2
ORCHARD-PRODUCE,S1,ORCHARD,PRODUCE,0.181449723,0.03,2,3,2,2,1,5,-0.191836303,0.927193179,0.051566917,-0.04602799,0.291119356,3,2,2,3,2,2,2,3,3,3,3,3
ORDINARY-GUIDE,S1,ORDINARY,GUIDE,0.037790161,0.12,3,4,15,2,2,1,-0.434643403,0.427193179,1.482566917,0.10497201,-0.993880644,4,3,15,4,3,4,4,4,4,4,4,5
OUTDOORS-RECREATION,S1,OUTDOORS,RECREATION,0.408612502,0.31,2,2,1,1,1,5,-0.010683089,2.927193179,-0.687433083,0.05247201,-0.023880644,2,2,1,2,1,1,1,1,1,1,1,1
OUTRAGEOUS-ABSURD,S1,OUTRAGEOUS,ABSURD,0.739138059,0.29,1,6,1,1,1,5,-0.419068657,1.927193179,-0.289933083,0.28947201,-2.018880644,H,1,1,6,2,2,2,2,2,2,2,2
OWE-MORTGAGE,S1,OWE,MORTGAGE,0.228732399,0.38,1,4,1,2,1,5,-0.152054364,-0.572806821,-0.174433083,0.05247201,-1.133880644,4,1,1,4,2,2,2,3,3,3,3,3
OWNER-SELLER,S1,OWNER,SELLER,0.319358937,0.23,1,1,1,1,1,5,0.15154244,-0.572806821,0.683066917,-0.08402799,-0.063880644,1,1,1,1,1,1,1,1,2,2,2,2
OXYGEN-NITROGEN,S2,OXYGEN,NITROGEN,0.504818186,0.73,1,1,1,2,1,5,-0.264262866,0.927193179,-0.497933083,0.06447201,-0.203880644,1,1,1,1,2,2,2,2,2,2,2,2
PAL-WOMAN,S2,PAL,WOMAN,0.195169761,0.11,2,3,2,5,2,3,-0.058437603,-2.072806821,1.618066917,-0.29002799,0.456119356,3,2,2,3,2,2,2,2,2,2,2,2
PANE-CLINIC,S2,PANE,CLINIC,-0.015879812,-0.01,3,4,4,2,2,3,0.730776958,-0.072806821,-0.345933083,0.00997201,0.311119356,4,3,4,4,3,3,3,3,4,4,4,4
PARADE-CARNIVAL,S2,PARADE,CARNIVAL,0.554986801,0.44,2,2,1,1,1,5,-0.605115636,2.427193179,-0.067933083,-0.08952799,0.871119356,2,2,1,2,1,1,1,1,1,1,1,1
PARAGRAPH-NOTEBOOK,S2,PARAGRAPH,NOTEBOOK,0.119714037,0.06,2,4,2,4,1,4,-0.575944608,-0.072806821,0.635066917,-0.02902799,0.701119356,4,2,2,4,2,3,3,3,3,3,3,3
PASS-TRICYCLE,S1,PASS,TRICYCLE,0.098186833,0,3,3,6,5,2,2,0.634691953,-0.072806821,-0.721433083,0.01297201,-0.043880644,3,3,6,3,3,3,4,4,4,4,4,4
PEBBLE-BOND,S2,PEBBLE,BOND,0.039904032,0.04,3,5,3,4,2,3,0.02211496,-2.072806821,0.824066917,-0.18502799,0.501119356,5,3,3,5,3,4,4,4,5,5,5,5
PENNY-HOBO,S1,PENNY,HOBO,0.199649773,0.09,3,5,6,4,2,3,0.386492477,-1.572806821,-1.775433083,0.19597201,0.736119356,5,3,6,5,3,3,3,4,4,4,4,4
PERFORMANCE-AUDIENCE,S1,PERFORMANCE,AUDIENCE,0.192757066,0.15,1,1,1,5,1,5,-0.365559158,3.427193179,1.932566917,0.11597201,-0.073880644,1,1,1,1,2,2,4,4,5,5,6,6
PIGEON-BLUEJAY,S2,PIGEON,BLUEJAY,0.42225841,0.02,2,2,1,1,1,5,-0.187394093,0.927193179,-1.344933083,0.03797201,1.101119356,2,2,1,2,1,1,1,1,1,1,1,1
PLANT-MEADOW,S2,PLANT,MEADOW,0.195211,0.17,2,5,1,1,1,5,-0.425094897,-0.572806821,-0.209433083,-0.05252799,1.071119356,5,2,1,5,2,2,2,2,2,2,2,2
PLAZA-GOODS,S1,PLAZA,GOODS,0.079698273,0.02,2,2,2,3,2,3,0.282407375,-1.072806821,0.390566917,-0.08152799,0.611119356,2,2,2,2,3,3,3,3,3,3,3,3
PLEDGE-CLOTHES,S2,PLEDGE,CLOTHES,0.075399687,0.06,2,2,15,1,3,1,-0.052478331,0.427193179,0.782566917,-0.26752799,-0.053880644,2,2,15,2,3,3,4,4,4,4,4,4
POCKET-TONIC,S2,POCKET,TONIC,0.009001214,0.09,3,4,6,3,3,1,0.49793711,-1.072806821,0.700066917,-0.15602799,0.651119356,4,3,6,4,2,2,3,3,3,3,3,3
POLYESTER-BUREAU,S2,POLYESTER,BUREAU,-0.002210386,0.01,2,5,3,3,2,3,-0.016219107,-1.572806821,0.863066917,-0.08202799,0.341119356,5,2,3,5,3,3,4,4,4,4,5,5
POP-DRIVER,S2,POP,DRIVER,0.028601721,0.07,3,4,15,4,2,1,-0.328358011,-1.072806821,-0.773933083,-0.11952799,0.726119356,4,3,15,4,3,3,3,3,3,3,3,4
POPULAR-DIGESTION,S1,POPULAR,DIGESTION,-0.050049995,-0.01,3,6,15,2,2,1,0.221539621,1.927193179,-0.139933083,-0.07902799,-0.828880644,H,3,15,6,3,3,3,4,4,4,4,4
PORK-CLUMSY,S2,PORK,CLUMSY,0.02267691,0.09,3,6,15,3,3,2,-0.415092504,-1.572806821,-0.286933083,-0.19252799,0.041119356,H,3,15,6,3,3,3,3,3,3,4,4
POT-BLOOM,S2,POT,BLOOM,0.209926718,0.12,2,2,3,3,2,4,-0.241548272,-1.072806821,-0.058433083,-0.11052799,0.666119356,2,2,3,2,2,2,2,2,2,2,2,2
POUND-FILE,S2,POUND,FILE,-0.067850988,0.08,3,3,4,2,2,1,0.251999326,1.427193179,2.437566917,-0.07502799,0.771119356,3,3,4,3,3,4,4,4,5,5,6,6
PRECISE-ANSWER,S1,PRECISE,ANSWER,0.207840143,0.13,2,2,2,3,1,4,-0.524601965,0.427193179,1.566066917,-0.10602799,-1.098880644,2,2,2,2,2,2,2,2,2,2,2,2
PREJUDICE-LADDER,S1,PREJUDICE,LADDER,0.085497035,0.07,3,5,15,5,3,2,-0.115003213,1.427193179,-0.328933083,0.04147201,-0.128880644,5,3,15,5,3,4,4,4,4,5,5,5
PRESENCE-AWFUL,S1,PRESENCE,AWFUL,-0.054658114,0.14,3,4,4,4,2,2,-0.451610417,0.427193179,0.935066917,0.03797201,-1.418880644,4,3,4,4,3,3,3,4,4,4,4,4
PRESIDENT-INTEGRITY,S2,PRESIDENT,INTEGRITY,0.148052235,0.11,2,3,6,4,2,3,0.27717819,2.927193179,1.360566917,0.03697201,-0.818880644,3,2,6,3,2,2,2,2,2,2,3,3
PRODUCTION-RIDICULOUS,S2,PRODUCTION,RIDICULOUS,0.038875321,0.02,4,6,3,5,2,1,1.012517798,2.427193179,-0.803933083,0.44447201,-1.548880644,H,4,3,6,4,4,4,4,4,4,4,4
PROFESSION-CONTENT,S1,PROFESSION,CONTENT,0.075451249,0.18,3,3,4,2,2,1,0.381939471,2.427193179,0.816566917,0.07097201,-1.028880644,3,3,4,3,3,3,3,3,4,4,4,4
PROSECUTE-LAWYER,S2,PROSECUTE,LAWYER,0.337807238,0.47,1,1,1,4,1,5,-0.872778189,1.427193179,-0.364433083,0.02297201,-0.168880644,1,1,1,1,1,1,1,1,1,1,2,2
PUFF-TIGER,S2,PUFF,TIGER,0.081728942,0.24,2,4,2,5,2,3,0.004441173,-1.572806821,-0.804933083,-0.16752799,0.501119356,4,2,2,4,3,3,3,3,3,3,3,4
PUSH-MASK,S2,PUSH,MASK,0.02964748,0.14,3,4,6,4,2,2,-0.094098499,-2.072806821,1.001066917,-0.29252799,0.846119356,4,3,6,4,3,3,3,3,3,3,3,3
QUARREL-COPIER,S2,QUARREL,COPIER,0.058993541,-0.06,4,6,6,3,3,3,1.23288306,0.427193179,-1.975433083,0.11347201,0.281119356,H,4,6,6,4,4,4,4,4,5,5,5
QUARTER-MALL,S1,QUARTER,MALL,0.058713255,0.11,2,4,6,2,2,4,-0.103857385,-0.572806821,0.518066917,-0.12602799,0.891119356,4,2,6,4,3,3,3,3,3,3,3,4
QUIT-BLOSSOM,S2,QUIT,BLOSSOM,0.112006223,0.11,4,4,4,5,2,1,0.269136854,-0.572806821,-0.383933083,-0.11552799,-0.328880644,4,4,4,4,2,2,2,3,3,3,3,3
RASPBERRY-MIX,S1,RASPBERRY,MIX,0.187145058,0.05,3,3,4,2,2,1,-0.169649188,-0.072806821,-0.442933083,0.17797201,0.636119356,3,3,4,3,2,2,2,2,2,2,2,2
RAW-CHILI,S1,RAW,CHILI,0.183476273,0.12,2,4,4,1,1,4,1.868535987,-2.072806821,-0.190933083,0.08447201,0.331119356,4,2,4,4,2,2,2,2,2,2,2,2
RECIPE-SAMPLE,S2,RECIPE,SAMPLE,0.224498416,0.11,2,5,2,2,2,4,-0.320862705,1.927193179,0.386066917,0.03547201,0.371119356,5,2,2,5,2,2,2,3,3,3,4,4
RECREATION-OUTDOORS,S2,RECREATION,OUTDOORS,0.408612502,0.31,2,4,1,1,1,5,-0.186090574,-0.072806821,0.001566917,0.13247201,-0.023880644,4,2,1,4,1,1,1,1,1,1,1,1
RECTANGLE-CUBE,S1,RECTANGLE,CUBE,0.554759368,0.38,2,2,1,5,1,5,-0.598478419,0.427193179,-0.668933083,-0.03452799,0.951119356,2,2,1,2,1,1,1,1,1,1,1,1
REFRAIN-DIRECTION,S1,REFRAIN,DIRECTION,0.08970286,0.03,2,3,2,5,2,3,0.337069343,1.927193179,0.572566917,0.00447201,-1.038880644,3,2,2,3,3,3,4,4,4,4,4,5
RELAX-MACHINE,S1,RELAX,MACHINE,0.01095731,0.02,2,3,15,4,3,1,0.295736658,-0.072806821,1.549066917,-0.28502799,-0.183880644,3,2,15,3,3,3,3,3,3,3,4,4
RELEASE-ANCHOR,S1,RELEASE,ANCHOR,-0.004097074,0.08,2,4,6,4,2,4,-0.533372898,0.427193179,0.941066917,-0.17152799,0.266119356,4,2,6,4,3,3,3,3,6,7,7,7
REMORSE-TRAGEDY,S1,REMORSE,TRAGEDY,0.281491314,0.26,2,4,1,2,1,5,-0.277124478,0.927193179,-1.245433083,0.07647201,-1.703880644,4,2,1,4,1,2,2,2,2,2,2,2
REPUBLICAN-CONVENT,S1,REPUBLICAN,CONVENT,0.207345733,0,4,6,15,2,3,3,1.059025986,2.427193179,-0.927433083,0.19147201,-0.363880644,H,4,15,6,2,2,2,2,2,2,2,2
REST-DASH,S1,REST,DASH,0.129842085,0.19,3,5,4,4,2,2,-0.295007715,-2.072806821,1.060566917,-0.23902799,-0.528880644,5,3,4,5,3,3,3,3,3,4,4,4
REVIEW-ADJECTIVE,S1,REVIEW,ADJECTIVE,0.06093367,0.1,3,4,3,1,2,2,0.741620588,1.427193179,0.127566917,-0.00302799,-1.118880644,4,3,3,4,3,3,3,3,3,3,3,4
RIDICULOUS-PRODUCTION,S1,RIDICULOUS,PRODUCTION,0.038875321,0.02,4,4,3,5,2,1,0.714371255,3.927193179,1.289066917,0.28547201,-1.548880644,4,4,3,4,4,4,4,4,4,4,4,4
ROAD-CAB,S2,ROAD,CAB,0.222318922,0.39,2,3,4,1,2,4,-0.703220041,-3.072806821,-1.148933083,-0.01752799,1.076119356,3,2,4,3,2,2,2,2,2,2,2,2
RODENT-JOY,S1,RODENT,JOY,0.046544591,-0.02,4,5,6,2,2,3,-0.596679642,-1.572806821,-0.534433083,-0.12952799,-0.203880644,5,4,6,5,3,3,3,3,3,3,3,3
ROOT-SPATULA,S2,ROOT,SPATULA,0.049682753,0.07,2,5,4,2,2,4,-0.568013698,-0.572806821,-0.384433083,0.07947201,0.911119356,5,2,4,5,3,3,3,3,3,3,3,4
RYE-BUTTER,S2,RYE,BUTTER,0.296319387,0.41,2,2,1,1,1,5,-0.166848106,-0.572806821,1.239566917,0.00547201,1.081119356,2,2,1,2,1,1,2,2,2,2,2,2
SAILOR-HARBOR,S1,SAILOR,HARBOR,0.321314832,0.61,2,2,1,4,1,5,-0.524680002,-0.072806821,-0.128433083,-0.10202799,0.976119356,2,2,1,2,1,1,1,1,1,2,2,2
SALES-ANTELOPE,S2,SALES,ANTELOPE,0.022127264,0,3,5,15,5,3,1,0.896023795,0.927193179,-1.049933083,0.16447201,0.191119356,5,3,15,5,3,4,4,4,4,4,4,4
SAMPLE-RECIPE,S1,SAMPLE,RECIPE,0.224498416,0.11,2,4,2,2,2,4,0.024298282,-0.072806821,1.013066917,-0.09052799,0.371119356,4,2,2,4,2,2,2,3,3,3,4,4
SCALPEL-ERECT,S1,SCALPEL,ERECT,0.035885362,0.12,3,4,6,5,2,1,0.983539892,-0.072806821,-2.037433083,0.50697201,0.561119356,4,3,6,4,3,3,3,3,3,4,4,4
SCARED-DISGUST,S2,SCARED,DISGUST,0.184471954,0.26,3,4,4,4,2,1,-0.433416098,0.427193179,0.306566917,0.22947201,-1.393880644,4,3,4,4,2,2,2,2,2,2,2,2
SCHEDULE-DIGIT,S2,SCHEDULE,DIGIT,0.046672352,0.3,3,4,3,2,2,2,1.199070833,0.427193179,-0.645933083,0.04247201,0.261119356,4,3,3,4,3,3,3,3,4,5,5,6
SCHEME-EXHAUSTED,S1,SCHEME,EXHAUSTED,0.02659086,0.2,3,4,15,5,3,3,0.012740536,1.427193179,0.134566917,-0.01652799,-1.098880644,4,3,15,4,4,4,4,4,4,4,4,4
SCRAMBLE-HORRIBLE,S2,SCRAMBLE,HORRIBLE,0.126889353,0.08,3,3,3,4,3,1,0.201843615,1.927193179,-0.575933083,-0.02752799,-0.983880644,3,3,3,3,2,2,3,3,3,3,3,3
SCRATCH-ARMOR,S2,SCRATCH,ARMOR,0.116205827,0.04,3,5,4,5,2,2,0.00803188,-0.572806821,0.323566917,0.12097201,0.721119356,5,3,4,5,3,3,3,3,3,3,3,4
SEA-SURVEY,S1,SEA,SURVEY,0.115551587,0.02,3,5,15,4,3,1,0.059580955,-1.572806821,1.614066917,-0.31402799,0.696119356,5,3,15,5,4,4,4,4,4,4,4,4
SEAFOOD-CONFERENCE,S1,SEAFOOD,CONFERENCE,-0.007247039,-0.02,3,5,3,3,2,2,1.152942896,2.427193179,0.218566917,-0.00052799,0.606119356,5,3,3,5,3,3,3,3,3,3,3,3
SELLER-OWNER,S2,SELLER,OWNER,0.319358937,0.23,1,4,1,1,1,5,-0.032171817,-1.572806821,-1.010933083,0.29197201,-0.063880644,4,1,1,4,1,1,1,1,2,2,2,2
SERPENT-SUEDE,S2,SERPENT,SUEDE,0.119343667,-0.09,4,4,2,4,2,3,0.218105861,-0.072806821,-1.354433083,0.27347201,0.866119356,4,4,2,4,2,2,2,2,2,2,3,3
SEX-GENDER,S2,SEX,GENDER,0.457137405,0.67,1,1,1,1,1,5,-0.586879168,-1.572806821,1.554066917,-0.22602799,-0.023880644,1,1,1,1,1,1,1,1,1,1,1,1
SHATTER-IMPACT,S2,SHATTER,IMPACT,0.112025416,0.07,3,5,2,5,2,3,-0.407628425,-0.572806821,-0.113433083,0.11047201,-0.463880644,5,3,2,5,2,2,2,2,2,2,2,2
SHE-CHILDREN,S1,SHE,CHILDREN,0.300733703,0.18,3,4,3,5,2,3,-0.779683413,-0.572806821,3.640566917,-0.18352799,0.386119356,4,3,3,4,1,1,1,2,2,2,2,2
SHEEP-BUCK,S2,SHEEP,BUCK,0.250219586,0.15,2,3,2,3,2,4,-0.309490917,-1.572806821,-0.275433083,0.25497201,1.046119356,3,2,2,3,2,2,2,2,2,2,2,2
SHIP-COVERED,S1,SHIP,COVERED,-0.01026607,0.07,3,5,6,2,3,1,0.786368861,-0.572806821,1.847566917,-0.13052799,0.401119356,5,3,6,5,3,4,4,4,4,4,4,6
SHIRT-VEST,S1,SHIRT,VEST,0.406098329,0.59,1,2,1,4,1,5,-0.870817459,-1.572806821,-0.581433083,-0.13002799,0.991119356,2,1,1,2,1,1,1,1,1,1,1,1
SHOE-LAP,S2,SHOE,LAP,0.091676439,0.23,3,4,15,5,2,2,-0.499281296,-1.072806821,0.213566917,-0.26752799,0.801119356,4,3,15,4,2,2,2,2,2,2,2,2
SHOOTING-TRIGGER,S2,SHOOTING,TRIGGER,0.046558676,0.24,2,2,1,1,1,5,0.138306359,1.427193179,0.629566917,-0.16702799,0.341119356,2,2,1,2,3,3,3,4,4,4,5,5
SIBLING-BELONG,S1,SIBLING,BELONG,0.042866826,0.11,3,4,4,4,2,1,-0.125936527,0.427193179,-0.507933083,-0.00502799,-0.838880644,4,3,4,4,3,3,3,3,3,3,4,4
SICK-STEEL,S2,SICK,STEEL,0.055548772,0.03,2,4,6,3,2,3,0.274699879,0.427193179,-0.076933083,-0.22102799,0.181119356,4,2,6,4,3,3,3,4,4,4,4,4
SIDEWALK-CORK,S2,SIDEWALK,CORK,0.031209186,0.04,3,4,15,5,3,3,0.630265284,-0.072806821,-1.367433083,-0.08552799,1.171119356,4,3,15,4,2,2,2,3,3,3,3,3
SILVERWARE-MAYBE,S1,SILVERWARE,MAYBE,0.114210458,0.09,4,5,15,3,3,1,0.027944811,1.427193179,0.113566917,0.13647201,-0.648880644,5,4,15,5,2,2,3,3,3,3,4,4
SINCE-MEASURE,S1,SINCE,MEASURE,0.079285621,0.19,2,4,15,4,3,3,-0.33686022,-0.072806821,2.639566917,-0.05502799,-1.253880644,4,2,15,4,3,3,3,4,4,4,4,4
SLAY-NUCLEAR,S2,SLAY,NUCLEAR,0.019705938,0,3,3,3,3,2,3,-0.600675701,-0.572806821,-0.546933083,0.06447201,-0.703880644,3,3,3,3,3,3,3,4,4,4,4,4
SLEEPY-NEW,S2,SLEEPY,NEW,0.109878206,0.12,3,4,3,5,2,3,-0.016014671,0.427193179,-0.596933083,-0.04502799,-0.948880644,4,3,3,4,3,3,3,3,4,4,4,4
SLEEVE-WARDROBE,S1,SLEEVE,WARDROBE,0.256625809,0.18,2,2,1,1,1,5,-0.22661597,0.927193179,-1.108933083,0.11347201,1.016119356,2,2,1,2,2,2,2,2,2,2,2,2
SLIMY-BROOM,S1,SLIMY,BROOM,0.222618111,0.11,3,4,3,1,2,2,-0.159887443,-1.072806821,-1.889933083,0.18447201,0.336119356,4,3,3,4,2,2,2,2,2,2,2,2
SLOW-DART,S1,SLOW,DART,0.126043063,0.1,2,6,3,4,2,4,-0.072292199,-2.072806821,0.403066917,-0.22852799,0.351119356,H,2,3,6,2,2,2,2,3,3,3,3
SMALL-ATTENDANCE,S1,SMALL,ATTENDANCE,0.027817555,0.12,2,8,6,5,2,2,0.125612541,1.427193179,1.379066917,-0.12602799,-0.593880644,H,2,6,8,3,3,3,3,3,5,5,5
SMOKING-ASHTRAY,S1,SMOKING,ASHTRAY,0.409083174,0.49,1,1,1,4,1,5,-0.251105126,0.927193179,-1.322433083,0.05247201,0.906119356,1,1,1,1,1,1,1,1,1,1,1,1
SNACK-SPIN,S1,SNACK,SPIN,0.063121586,0.07,3,4,6,3,3,1,-0.273456763,-1.572806821,-0.296933083,-0.20802799,0.391119356,4,3,6,4,3,3,3,3,3,3,4,4
SNEAKER-SURF,S2,SNEAKER,SURF,0.278610627,0.08,3,4,4,5,2,3,-0.359591629,-0.572806821,-1.602433083,-0.05152799,0.891119356,4,3,4,4,3,3,3,3,3,3,3,4
SNORKEL-DOWNSTREAM,S1,SNORKEL,DOWNSTREAM,0.160708217,0.26,2,8,3,1,1,4,0.717946068,2.427193179,-2.413933083,0.35247201,0.636119356,H,2,3,8,2,2,2,2,2,2,2,2
SOAK-BAY,S2,SOAK,BAY,0.152281681,-0.01,2,5,3,2,2,3,-0.267361563,-2.572806821,0.381566917,0.02947201,0.771119356,5,2,3,5,2,2,3,3,3,3,4,4
SON-KIDS,S2,SON,KIDS,0.408323571,0.08,3,4,2,1,2,2,-0.836275954,-3.072806821,1.672566917,-0.35402799,0.636119356,4,3,2,4,1,1,1,1,1,1,1,1
SPACE-GALAXY,S1,SPACE,GALAXY,0.229618045,0.39,1,2,2,1,2,3,0.080691685,-0.572806821,1.741566917,-0.24602799,-0.138880644,2,1,2,2,2,2,2,2,4,5,5,5
SPATULA-ROOT,S1,SPATULA,ROOT,0.049682753,0.07,2,3,4,2,2,4,-0.053933638,-0.572806821,-0.384433083,0.07947201,0.911119356,3,2,4,3,3,3,3,3,3,3,3,4
SPEAKER-FRIGID,S1,SPEAKER,FRIGID,-0.038040698,0.09,3,4,15,5,3,2,1.150496494,0.427193179,-0.943433083,0.05097201,0.246119356,4,3,15,4,3,3,3,4,4,4,4,5
SPIN-SNACK,S2,SPIN,SNACK,0.063121586,0.07,3,4,6,3,3,1,-0.378964188,-1.572806821,-0.296933083,-0.20802799,0.391119356,4,3,6,4,3,3,3,3,3,3,4,4
SPLINTER-BOXING,S2,SPLINTER,BOXING,-0.021940736,0.07,2,5,3,4,2,4,-0.041957111,0.927193179,-1.521433083,-0.10302799,0.741119356,5,2,3,5,4,4,4,4,5,5,5,5
SPONGE-FINAL,S2,SPONGE,FINAL,-0.004663988,0.04,4,5,6,4,2,2,-0.302828516,-0.572806821,0.443066917,-0.07452799,0.096119356,5,4,6,5,3,3,3,3,4,4,4,5
SPREE-SWEET,S2,SPREE,SWEET,0.018856192,0.02,2,2,15,5,2,4,-0.444113907,-1.072806821,-0.681433083,0.05447201,-0.278880644,2,2,15,2,3,3,3,3,3,4,5,5
START-BEGIN,S2,START,BEGIN,0.685394808,0.58,1,1,1,1,1,5,-0.734356788,-1.072806821,2.892066917,-0.36102799,-1.103880644,1,1,1,1,1,1,1,1,1,1,1,1
STEEL-SICK,S1,STEEL,SICK,0.055548772,0.03,2,2,6,3,2,3,0.107991875,-1.572806821,1.267566917,-0.36252799,0.181119356,2,2,6,2,3,3,3,4,4,4,4,4
STEPS-TIDE,S1,STEPS,TIDE,0.093763895,0.02,3,5,6,4,2,2,-0.324761248,-1.572806821,0.426566917,-0.13702799,0.506119356,5,3,6,5,3,4,4,4,4,4,4,5
STINGY-ARGUE,S2,STINGY,ARGUE,0.16087243,0.09,3,4,6,4,2,2,-0.043013632,-0.572806821,-0.788433083,0.06947201,-1.363880644,4,3,6,4,2,2,3,3,3,3,4,4
STOCKING-HEADBAND,S2,STOCKING,HEADBAND,0.109022711,0.1,3,7,2,4,2,2,0.149690472,1.927193179,-2.492433083,0.01597201,1.191119356,H,3,2,7,2,2,2,2,2,3,4,4
STREAM-OCEAN,S2,STREAM,OCEAN,0.222781915,0.25,2,2,4,1,1,4,-0.829198985,-1.072806821,-1.086933083,0.32197201,0.941119356,2,2,4,2,2,2,2,2,2,2,2,2
STRIVE-FOOLISH,S1,STRIVE,FOOLISH,0.098532536,0.12,3,5,6,3,3,1,-0.190218243,0.427193179,-0.428933083,-0.17702799,-1.783880644,5,3,6,5,2,2,2,2,2,2,3,3
SUEDE-SERPENT,S1,SUEDE,SERPENT,0.119343667,-0.09,4,4,2,4,2,3,0.712162542,-0.072806821,-1.071433083,0.26247201,0.866119356,4,4,2,4,2,2,2,2,2,2,3,3
SUPER-TINY,S1,SUPER,TINY,0.203377137,0.12,2,3,1,3,1,4,-0.327601582,-1.572806821,1.312066917,-0.14302799,-1.233880644,3,2,1,3,2,2,2,2,3,3,3,3
SURF-SNEAKER,S1,SURF,SNEAKER,0.278610627,0.08,3,4,4,5,2,3,0.301688047,-0.572806821,-1.602433083,-0.05152799,0.891119356,4,3,4,4,3,3,3,3,3,3,3,4
SURVEY-SEA,S2,SURVEY,SEA,0.115551587,0.02,3,3,15,4,3,1,-0.738594381,-1.572806821,1.614066917,-0.31402799,0.696119356,3,3,15,3,4,4,4,4,4,4,4,4
SWEET-SPREE,S1,SWEET,SPREE,0.018856192,0.02,2,5,15,5,2,4,0.995776574,-1.072806821,-0.681433083,0.05447201,-0.278880644,5,2,15,5,3,3,3,3,3,4,5,5
TEAPOT-APPLIANCE,S1,TEAPOT,APPLIANCE,0.174023385,0.03,2,2,4,3,1,4,0.333620044,1.427193179,-2.402433083,0.05597201,1.026119356,2,2,4,2,2,2,2,2,2,2,2,2
TELLER-NINE,S1,TELLER,NINE,-0.011192478,0.05,3,4,6,4,2,3,0.178053272,-1.072806821,-0.272433083,-0.24002799,0.471119356,4,3,6,4,3,3,3,3,3,4,4,4
TERROR-HINGE,S2,TERROR,HINGE,0.084474529,0.03,3,4,4,5,3,3,0.862281149,0.427193179,0.549066917,-0.14502799,-0.238880644,4,3,4,4,4,4,4,4,4,4,4,4
TEST-FLUNK,S1,TEST,FLUNK,0.385581165,0.41,2,2,1,2,1,5,-0.775616017,-1.572806821,-0.078433083,-0.12802799,-0.573880644,2,2,1,2,2,2,2,3,3,3,3,4
THERMOMETER-WARMTH,S2,THERMOMETER,WARMTH,0.25552746,0.12,2,4,3,2,1,5,0.450753477,2.427193179,-1.460933083,0.09947201,0.436119356,4,2,3,4,2,2,2,2,2,2,2,2
THINK-NEWS,S2,THINK,NEWS,0.128014534,0.12,3,3,6,5,2,1,-0.346991201,-2.072806821,4.785566917,-0.22152799,-0.828880644,3,3,6,3,2,3,3,3,3,3,3,3
THRIFT-UNION,S2,THRIFT,UNION,0.111604406,0.19,3,4,6,2,2,1,0.143509925,-0.572806821,-0.268433083,0.04697201,-0.868880644,4,3,6,4,3,3,3,3,4,4,4,4
TICKLE-CRY,S2,TICKLE,CRY,0.22664147,0.28,2,2,3,4,1,4,-0.819783853,-0.572806821,-1.173933083,0.01347201,0.186119356,2,2,3,2,2,2,2,2,2,2,2,2
TIDE-STEPS,S2,TIDE,STEPS,0.093763895,0.02,3,6,6,4,2,2,-0.040518504,-1.572806821,0.426566917,-0.13702799,0.506119356,H,3,6,6,3,4,4,4,4,4,4,5
TIGER-PUFF,S1,TIGER,PUFF,0.081728942,0.24,2,5,2,5,2,3,0.171898057,-1.572806821,-0.804933083,-0.16752799,0.501119356,5,2,2,5,3,3,3,3,3,3,3,4
TINY-SUPER,S2,TINY,SUPER,0.203377137,0.12,2,4,1,3,1,4,-0.595007623,-1.572806821,1.312066917,-0.14302799,-1.233880644,4,2,1,4,2,2,2,2,3,3,3,3
TONIC-POCKET,S1,TONIC,POCKET,0.009001214,0.09,3,4,6,3,3,1,-0.382650609,-0.572806821,-0.884933083,-0.12152799,0.651119356,4,3,6,4,2,2,3,3,3,3,3,3
TOOL-BUILDER,S2,TOOL,BUILDER,0.094677921,0.17,2,4,3,5,2,4,-0.316178351,-0.572806821,0.696566917,-0.16152799,0.546119356,4,2,3,4,3,3,3,3,3,3,3,4
TOPIC-ISSUE,S2,TOPIC,ISSUE,0.552595371,0.11,1,1,1,1,1,5,-0.07488895,-1.072806821,2.418066917,-0.12952799,-1.258880644,1,1,1,1,1,1,1,1,1,1,1,1
TOWER-VERDICT,S2,TOWER,VERDICT,0.049711837,0.01,3,4,15,2,3,1,0.499611468,-0.072806821,0.129566917,-0.00302799,-0.263880644,4,3,15,4,4,4,4,4,4,5,5,5
TRAGEDY-REMORSE,S2,TRAGEDY,REMORSE,0.281491314,0.26,2,4,1,2,1,5,0.261509452,0.927193179,-1.245433083,0.07647201,-1.703880644,4,2,1,4,1,2,2,2,2,2,2,2
TRANQUIL-COMFORT,S1,TRANQUIL,COMFORT,0.21991573,0.32,3,3,4,3,2,1,-0.44606041,1.427193179,-1.499433083,0.00147201,-1.343880644,3,3,4,3,2,2,2,2,2,2,3,3
TREASON-DETECTIVE,S1,TREASON,DETECTIVE,0.079190489,0.19,2,2,2,1,1,4,0.119448717,1.927193179,-0.767433083,0.21397201,-0.618880644,2,2,2,2,2,2,2,2,2,2,2,2
TRICYCLE-PASS,S2,TRICYCLE,PASS,0.098186833,0,3,4,6,5,2,2,-0.20533085,1.427193179,-1.977933083,0.35097201,-0.043880644,4,3,6,4,3,3,4,4,4,4,4,4
TRIGGER-SHOOTING,S1,TRIGGER,SHOOTING,0.046558676,0.24,2,4,1,1,1,5,-0.653833241,1.427193179,0.629566917,-0.16702799,0.341119356,4,2,1,4,3,3,3,4,4,4,5,5
TRUCK-HIGH,S1,TRUCK,HIGH,0.037095224,0.11,2,3,3,4,2,2,-0.197275872,-1.572806821,2.035566917,-0.43002799,0.411119356,3,2,3,3,3,3,3,3,4,5,5,5
TRUTHFUL-EXPRESS,S1,TRUTHFUL,EXPRESS,0.153335603,0.16,3,5,4,2,2,3,-0.015758456,1.427193179,-0.028933083,-0.05802799,-1.683880644,5,3,4,5,2,2,2,2,2,2,2,2
TUG-CHIPMUNK,S2,TUG,CHIPMUNK,0.106194731,0.08,4,5,15,4,3,3,-0.025024139,-0.572806821,-2.426433083,0.08447201,0.496119356,5,4,15,5,3,3,3,4,4,4,4,4
TULIP-FARMER,S1,TULIP,FARMER,0.260313982,0.13,3,5,4,2,2,1,-0.3045417,-0.572806821,-1.329433083,-0.03152799,1.031119356,5,3,4,5,2,2,2,2,2,2,2,2
UNICORN-ELK,S2,UNICORN,ELK,0.27126592,-0.03,2,4,1,5,1,4,-0.439533922,-1.072806821,-1.019433083,0.13047201,0.536119356,4,2,1,4,2,2,2,2,2,2,2,2
UNION-THRIFT,S1,UNION,THRIFT,0.111604406,0.19,3,4,6,2,2,1,1.284764027,-0.572806821,-0.268433083,0.04697201,-0.868880644,4,3,6,4,3,3,3,3,4,4,4,4
UNUSED-ELIMINATION,S2,UNUSED,ELIMINATION,0.113883875,0.14,3,6,15,5,2,1,0.950458026,-0.072806821,0.914066917,0.19397201,-1.413880644,H,3,15,6,3,3,3,4,4,5,5,5
UPSET-APATHETIC,S2,UPSET,APATHETIC,0.326290505,0.27,2,5,4,4,2,4,0.824462904,0.927193179,-0.904433083,0.30947201,-1.723880644,5,2,4,5,1,1,1,1,1,2,2,2
VEER-INTERSTATE,S2,VEER,INTERSTATE,0.150738423,0.03,2,2,4,1,1,5,0.749837526,0.427193179,-1.483933083,0.44547201,-0.178880644,2,2,4,2,3,3,3,3,3,3,3,4
VERDICT-TOWER,S1,VERDICT,TOWER,0.049711837,0.01,3,5,15,2,3,1,-0.047582478,-0.072806821,0.129566917,-0.00302799,-0.263880644,5,3,15,5,4,4,4,4,4,5,5,5
VEST-SHIRT,S2,VEST,SHIRT,0.406098329,0.59,1,1,1,4,1,5,-0.188601758,-1.572806821,-0.581433083,-0.13002799,0.991119356,1,1,1,1,1,1,1,1,1,1,1,1
VICTIM-ALUMINUM,S2,VICTIM,ALUMINUM,0.05877315,-0.05,4,5,3,3,2,2,1.155793613,0.927193179,0.416566917,0.18497201,0.496119356,5,4,3,5,3,3,3,4,4,4,4,4
VIOLENCE-MAFIA,S2,VIOLENCE,MAFIA,0.227550091,0.09,2,3,2,1,1,5,-0.051190008,0.427193179,1.709566917,-0.17102799,-0.373880644,3,2,2,3,2,2,2,2,2,2,2,2
VIRUS-BACTERIA,S2,VIRUS,BACTERIA,0.539370782,0.69,1,1,1,5,1,5,-0.479992803,0.427193179,0.627066917,-0.07402799,0.071119356,1,1,1,1,1,1,1,1,1,1,1,1
VOICE-MARROW,S2,VOICE,MARROW,0.103999129,0.04,3,4,2,4,2,3,0.99859418,-1.072806821,1.168066917,-0.14152799,0.566119356,4,3,2,4,3,3,3,3,3,3,4,4
VOLCANO-OFTEN,S2,VOLCANO,OFTEN,0.002784112,0.05,4,5,15,4,3,2,0.12091215,-1.072806821,0.217066917,-0.06702799,-0.113880644,5,4,15,5,3,3,4,4,4,4,5,5
VULNERABLE-MEEK,S1,VULNERABLE,MEEK,0.210435556,0.04,1,1,2,5,1,4,-0.42760885,0.927193179,-0.836433083,0.24447201,-1.628880644,1,1,2,1,2,2,2,2,2,2,2,3
WAGE-ABDUCT,S2,WAGE,ABDUCT,0.08222691,0.01,3,6,4,4,3,3,0.365867479,-1.072806821,-1.440433083,0.22947201,-0.403880644,H,3,4,6,3,3,3,3,3,3,3,4
WARDROBE-SLEEVE,S2,WARDROBE,SLEEVE,0.256625809,0.18,2,2,1,1,1,5,-0.378125937,0.927193179,-1.108933083,0.11347201,1.016119356,2,2,1,2,2,2,2,2,2,2,2,2
WARMTH-THERMOMETER,S1,WARMTH,THERMOMETER,0.25552746,0.12,2,3,3,2,1,5,0.489738145,2.427193179,-1.460933083,0.09947201,0.436119356,3,2,3,3,2,2,2,2,2,2,2,2
WART-CONCENTRATE,S2,WART,CONCENTRATE,0.050436575,0.04,3,4,15,5,3,1,0.851752947,1.427193179,-1.573433083,0.19297201,-0.053880644,4,3,15,4,3,3,3,3,4,4,5,5
WASH-LAUNDRY,S1,WASH,LAUNDRY,0.390766303,0.48,1,2,1,2,1,5,-0.930458329,-0.572806821,-0.233433083,-0.10502799,0.901119356,2,1,1,2,1,1,1,1,1,1,1,1
WATERFALL-RAPID,S2,WATERFALL,RAPID,0.128811075,0.06,2,5,15,1,1,5,-0.224074322,0.927193179,-0.731933083,-0.10852799,0.246119356,5,2,15,5,3,3,3,3,3,3,3,3
WEAR-BUCKLE,S2,WEAR,BUCKLE,0.438317624,0.27,3,4,6,5,2,3,-0.468179575,-1.072806821,0.085066917,-0.07302799,0.421119356,4,3,6,4,1,1,1,1,1,1,1,1
WEEK-WELCOME,S2,WEEK,WELCOME,0.117427296,0.32,4,4,6,5,3,1,0.04061721,-0.572806821,2.614566917,-0.17002799,-0.963880644,4,4,6,4,3,3,3,3,3,3,3,4
WELCOME-WEEK,S1,WELCOME,WEEK,0.117427296,0.32,4,5,6,5,3,1,-0.232564767,-0.572806821,2.614566917,-0.17002799,-0.963880644,5,4,6,5,3,3,3,3,3,3,3,4
WHISPER-CRACKLE,S2,WHISPER,CRACKLE,0.369671799,0.27,3,4,2,4,2,3,0.131132103,-0.072806821,0.626066917,-0.18752799,0.161119356,4,3,2,4,1,1,1,1,1,1,1,1
WOMAN-PAL,S1,WOMAN,PAL,0.195169761,0.11,2,3,2,5,2,3,-0.280535162,-2.072806821,1.618066917,-0.29002799,0.456119356,3,2,2,3,2,2,2,2,2,2,2,2
WOODS-HONEY,S2,WOODS,HONEY,0.220750215,0.18,2,3,4,2,2,2,-0.514868388,-1.072806821,0.482066917,-0.21202799,1.136119356,3,2,4,3,2,2,2,2,2,2,2,3
WRITER-YEARLY,S2,WRITER,YEARLY,-0.02297832,0.01,3,5,3,2,2,1,0.684846723,-0.072806821,0.351566917,0.03197201,0.006119356,5,3,3,5,3,3,3,4,4,4,4,4
YEARLY-WRITER,S1,YEARLY,WRITER,-0.02297832,0.01,3,5,3,2,2,1,0.373773779,-0.072806821,0.351566917,0.03197201,0.006119356,5,3,3,5,3,3,3,4,4,4,4,4
ZUCCHINI-FIN,S1,ZUCCHINI,FIN,0.202066516,0.01,3,4,15,1,2,2,0.663683317,-0.572806821,-1.665433083,0.50847201,1.076119356,4,3,15,4,2,2,2,2,2,2,2,2
