airplane,air,0.653710634,0.346289366
airplane,airport,0.49138999,0.50861001
airplane,attendant,0.840255782,0.159744218
airplane,cloud,0.886421934,0.113578066
airplane,flight,0.371349096,0.628650904
airplane,food,0.862109587,0.137890413
airplane,journey,0.852128923,0.147871077
airplane,luggage,0.602821976,0.397178024
airplane,meal,0.855154783,0.144845217
airplane,passenger,0.539958864,0.460041136
airplane,pilot,0.551343024,0.448656976
airplane,runway,0.575892329,0.424107671
airplane,seat,0.723590434,0.276409566
airplane,sky,0.769363716,0.230636284
airplane,stewardess,0.615789652,0.384210348
airplane,suitcase,0.665644974,0.334355026
airplane,travel,0.761325568,0.238674432
airplane,trip,0.791760862,0.208239138
airplane,wings,0.686541468,0.313458532
apple,autumn,0.796975181,0.203024819
apple,banana,0.468159378,0.531840622
apple,core,0.917142659,0.082857341
apple,fruit,0.358985305,0.641014695
apple,green,0.79343237,0.20656763
apple,juice,0.552544355,0.447455645
apple,leaf,0.580367178,0.419632822
apple,orange,0.60796541,0.39203459
apple,orchard,0.462089896,0.537910104
apple,pie,0.607027024,0.392972976
apple,red,0.801651508,0.198348492
apple,seed,0.755747482,0.244252518
apple,teacher,0.847178772,0.152821228
apple,tree,0.585718244,0.414281756
apple,worm,0.729465753,0.270534247
ax,chop,0.530626208,0.469373792
ax,cut,0.61192596,0.38807404
ax,deodarant,N/A,N/A
ax,fire,0.833784029,0.166215971
ax,handle,0.824826762,0.175173238
ax,log,0.898207501,0.101792499
ax,lumberjack,0.72103405,0.27896595
ax,metal,0.792804554,0.207195446
ax,murderer,0.810521886,0.189478114
ax,spray,0.831429362,0.168570638
ax,steel,0.830767334,0.169232666
ax,tree,0.724174678,0.275825322
ax,wood,0.765438706,0.234561294
baby,blanket,0.730450332,0.269549668
baby,bottle,0.688106269,0.311893731
baby,cradle,0.705500484,0.294499516
baby,crib,0.471978009,0.528021991
baby,cry,0.765213564,0.234786436
baby,cute,0.644830614,0.355169386
baby,diaper,0.500743836,0.499256164
baby,milk,0.650627553,0.349372447
baby,mother,0.416023016,0.583976984
baby,pacify,0.916525826,0.083474174
baby,small,0.883141793,0.116858207
baby,sooth,0.897467203,0.102532797
baby,towel,0.759277344,0.240722656
baby,toy,0.684836328,0.315163672
bag,book,0.836578384,0.163421616
bag,computer,0.925901353,0.074098647
bag,food,0.845496386,0.154503614
bag,groceries,0.655284703,0.344715297
bag,hand,0.765121862,0.234878138
bag,handle,0.896424733,0.103575267
bag,laptop,0.679839939,0.320160061
bag,paper,0.766304627,0.233695373
bag,plastic,0.631366223,0.368633777
bag,school,0.937395349,0.062604651
bag,shopping,0.810828313,0.189171687
bag,wallet,0.442643762,0.557356238
bag,woman,0.826026335,0.173973665
bag,zipper,0.657387286,0.342612714
baker,apron,0.776224047,0.223775953
baker,bakery,0.329226017,0.670773983
baker,bread,0.528410405,0.471589595
baker,cake,0.601380616,0.398619384
baker,cookie,0.628988147,0.371011853
baker,cupcake,0.578420699,0.421579301
baker,dough,0.673942566,0.326057434
baker,flour,0.585434049,0.414565951
baker,hat,0.849614039,0.150385961
baker,muffin,0.666171163,0.333828837
baker,oven,0.648575366,0.351424634
baker,pastry,0.433215857,0.566784143
baker,pie,0.652069151,0.347930849
ball,baseball,0.744719565,0.255280435
ball,basket,0.613741428,0.386258572
ball,basketball,0.713987559,0.286012441
ball,beach,0.877302073,0.122697927
ball,bounce,0.616714388,0.383285612
ball,dog,0.810443714,0.189556286
ball,game,0.507156789,0.492843211
ball,hoop,0.528942287,0.471057713
ball,net,0.687470138,0.312529862
ball,park,0.860780895,0.139219105
ball,soccer,0.734981805,0.265018195
ball,sport,0.832187533,0.167812467
bank,atm,0.793661803,0.206338197
bank,bank,0,1
bank,burglar,0.832894266,0.167105734
bank,card,0.805338919,0.194661081
bank,cash,0.681327611,0.318672389
bank,cashier,0.676834643,0.323165357
bank,cheque,N/A,N/A
bank,clerk,0.765071809,0.234928191
bank,client,0.749353766,0.250646234
bank,credit,0.639378995,0.360621005
bank,currency,0.639627129,0.360372871
bank,customer,0.731676936,0.268323064
bank,guard,0.88751258,0.11248742
bank,investment,0.673893988,0.326106012
bank,loan,0.602156103,0.397843897
bank,money,0.738679379,0.261320621
bank,register,0.868577734,0.131422266
bank,robber,0.644646049,0.355353951
bank,safe,0.871507525,0.128492475
bank,security,0.816466808,0.183533192
bank,teller,0.525986284,0.474013716
bank,vault,0.710891783,0.289108217
bank,visa,0.895810537,0.104189463
barn,animals,0.68188566,0.31811434
barn,chicken,0.768918246,0.231081754
barn,cow,0.602708459,0.397291541
barn,farm,0.48005414,0.51994586
barn,farmer,0.670524508,0.329475492
barn,hay,0.481822371,0.518177629
barn,horse,0.482834876,0.517165124
barn,pig,0.625253379,0.374746621
barn,red,0.901540413,0.098459587
barn,straw,0.717656195,0.282343805
barn,tractor,0.56480521,0.43519479
barn,wood,0.679827034,0.320172966
beach,ball,0.877302073,0.122697927
beach,beachball,0.77562429,0.22437571
beach,bikini,0.556768864,0.443231136
beach,ocean,0.492598653,0.507401347
beach,sand,0.479481578,0.520518422
beach,sea,0.596835583,0.403164417
beach,summer,0.778306603,0.221693397
beach,sun,0.65574944,0.34425056
beach,sunshine,0.666208059,0.333791941
beach,swim,0.621671468,0.378328532
beach,swimsuit,0.651259363,0.348740637
beach,towel,0.768979415,0.231020585
beach,volleyball,0.727344483,0.272655517
beach,water,0.685866058,0.314133942
beak,bird,0.55453971,0.44546029
beak,duck,0.674480498,0.325519502
beak,eat,0.816569462,0.183430538
beak,food,0.958294198,0.041705802
beak,nest,0.577576905,0.422423095
beak,peck,0.698240399,0.301759601
beak,seed,0.912391298,0.087608702
beak,sharp,0.849426806,0.150573194
beak,worm,0.725731015,0.274268985
bear,berry,0.807540655,0.192459345
bear,big,0.826088011,0.173911989
bear,brown,0.787683651,0.212316349
bear,camping,0.860421702,0.139578298
bear,cave,0.755929857,0.244070143
bear,claw,0.773420855,0.226579145
bear,cub,0.597804099,0.402195901
bear,den,0.860887319,0.139112681
bear,fear,0.755983204,0.244016796
bear,fish,0.725108087,0.274891913
bear,forest,0.802075088,0.197924912
bear,fur,0.709144711,0.290855289
bear,honey,0.811963066,0.188036934
bear,salmon,0.731989086,0.268010914
bear,teeth,0.888684005,0.111315995
bear,tree,0.808147609,0.191852391
bed,bedroom,0.475359976,0.524640024
bed,blanket,0.600302041,0.399697959
bed,comforter,0.568735808,0.431264192
bed,duvet,0.429467857,0.570532143
bed,house,0.634688318,0.365311682
bed,mattress,0.437995791,0.562004209
bed,night,0.747944832,0.252055168
bed,pillow,0.436106086,0.563893914
bed,rest,0.768122002,0.231877998
bed,sheets,0.658576697,0.341423303
bed,sleep,0.422313511,0.577686489
bee,bear,0.760608792,0.239391208
bee,black,0.900063217,0.099936783
bee,comb,0.834020913,0.165979087
bee,flower,0.641157746,0.358842254
bee,hive,0.553771734,0.446228266
bee,honey,0.523589671,0.476410329
bee,nest,0.715574563,0.284425437
bee,pollen,0.670508862,0.329491138
bee,queen,0.748276889,0.251723111
bee,sting,0.747263968,0.252736032
bee,stinger,0.782290459,0.217709541
bee,stripes,0.96048452,0.03951548
bee,yellow,0.825904235,0.174095765
beer,alcohol,0.526547164,0.473452836
beer,bar,0.631933928,0.368066072
beer,belly,0.787823856,0.212176144
beer,bottle,0.47022742,0.52977258
beer,chips,0.808493033,0.191506967
beer,cup,0.699163377,0.300836623
beer,drink,0.363267601,0.636732399
beer,drunk,0.576819867,0.423180133
beer,foam,0.819602415,0.180397585
beer,glass,0.628112763,0.371887237
beer,keg,0.389080048,0.610919952
beer,liquor,0.399900794,0.600099206
beer,mug,0.656847298,0.343152702
beer,party,0.814793289,0.185206711
beer,person,0.85909313,0.14090687
beer,pub,0.549507469,0.450492531
beer,wine,0.378230453,0.621769547
bird,air,0.787548676,0.212451324
bird,beak,0.55453971,0.44546029
bird,cage,0.722599059,0.277400941
bird,cat,0.485373616,0.514626384
bird,chirp,0.709741712,0.290258288
bird,egg,0.653681099,0.346318901
bird,feather,0.713739038,0.286260962
bird,fly,0.72122255,0.27877745
bird,nest,0.518699437,0.481300563
bird,seed,0.889483526,0.110516474
bird,sing,0.861756146,0.138243854
bird,sky,0.74769181,0.25230819
bird,tree,0.638097018,0.361902982
bird,wings,0.672793895,0.327206105
bird,worm,0.674812376,0.325187624
boat,anchor,0.826123774,0.173876226
boat,captain,0.746078998,0.253921002
boat,dock,0.455108643,0.544891357
boat,engine,0.705563754,0.294436246
boat,fish,0.625212222,0.374787778
boat,lake,0.555189848,0.444810152
boat,motor,0.667515397,0.332484603
boat,ocean,0.614985764,0.385014236
boat,paddle,0.444834709,0.555165291
boat,river,0.558176279,0.441823721
boat,sail,0.48247987,0.51752013
boat,sea,0.606561482,0.393438518
boat,summer,0.89701809,0.10298191
boat,tube,0.811337247,0.188662753
boat,water,0.706112146,0.293887854
bone,body,0.63692686,0.36307314
bone,broken,0.782801241,0.217198759
bone,cast,0.88839642,0.11160358
bone,dinosaur,0.748448312,0.251551688
bone,dog,0.792142451,0.207857549
bone,marrow,0.544378579,0.455621421
bone,milk,0.819935009,0.180064991
bone,muscle,0.502065212,0.497934788
bone,skeleton,0.642730504,0.357269496
bone,strong,0.941291828,0.058708172
book,author,0.459487021,0.540512979
book,bookmark,0.767481476,0.232518524
book,bookshelf,0.546645761,0.453354239
book,bookstore,0.496741712,0.503258288
book,cover,0.81077987,0.18922013
book,glasses,0.889120027,0.110879973
book,knowledge,0.8262036,0.1737964
book,library,0.675468802,0.324531198
book,page,0.721595109,0.278404891
book,paper,0.636537403,0.363462597
book,reading,0.619673043,0.380326957
book,school,0.914514869,0.085485131
book,words,0.796149492,0.203850508
book,writer,0.709212095,0.290787905
boy,car,0.803544998,0.196455002
boy,father,0.433728278,0.566271722
boy,friend,0.597785741,0.402214259
boy,games,0.892373987,0.107626013
boy,girl,0.145672858,0.854327142
boy,male,0.675499022,0.324500978
boy,penis,0.731668621,0.268331379
boy,school,0.674957693,0.325042307
boy,sports,0.896940209,0.103059791
boy,toys,0.761381909,0.238618091
builder,bob,1.054888994,-0.054888994
builder,brick,0.755561396,0.244438604
builder,concrete,0.754848152,0.245151848
builder,construction,0.554376662,0.445623338
builder,equipment,0.942797374,0.057202626
builder,hammer,0.821504116,0.178495884
builder,hardhat,0.891851813,0.108148187
builder,helmet,0.957760699,0.042239301
builder,house,0.782909289,0.217090711
builder,job,0.845950827,0.154049173
builder,machine,0.959895495,0.040104505
builder,nails,0.924280569,0.075719431
builder,tools,0.935947783,0.064052217
builder,wood,0.805925921,0.194074079
builder,work,0.830988705,0.169011295
cage,animal,0.659271449,0.340728551
cage,bar,0.717532665,0.282467335
cage,bird,0.722599059,0.277400941
cage,criminal,0.971886691,0.028113309
cage,dog,0.642465055,0.357534945
cage,jail,0.758782268,0.241217732
cage,key,1.002236105,-0.002236105
cage,lion,0.751640126,0.248359874
cage,lock,0.784058511,0.215941489
cage,metal,0.751146227,0.248853773
cage,prison,0.796778888,0.203221112
cage,prisoner,0.805612892,0.194387108
cage,zoo,0.640165567,0.359834433
cake,baker,0.601380616,0.398619384
cake,bakery,0.662728548,0.337271452
cake,birthday,0.668164879,0.331835121
cake,candle,0.66114971,0.33885029
cake,chocolate,0.449240148,0.550759852
cake,cream,0.667363495,0.332636505
cake,flour,0.599886268,0.400113732
cake,fork,0.792036474,0.207963526
cake,frosting,0.402935922,0.597064078
cake,gift,0.699168772,0.300831228
cake,icing,0.581129134,0.418870866
cake,oven,0.664660573,0.335339427
cake,party,0.83919017,0.16080983
cake,plate,0.742342442,0.257657558
cake,platter,0.582169265,0.417830735
cake,present,0.864006266,0.135993734
cake,stove,0.756601915,0.243398085
cake,sugar,0.659708917,0.340291083
cake,vanilla,0.652853906,0.347146094
camel,arab,0.725041956,0.274958044
camel,cactus,0.741111249,0.258888751
camel,desert,0.640185952,0.359814048
camel,egypt,0.809492111,0.190507889
camel,hump,0.806920633,0.193079367
camel,sand,0.763907209,0.236092791
camel,spit,0.807001144,0.192998856
camel,water,0.830563158,0.169436842
candle,birthday,0.783481687,0.216518313
candle,cake,0.66114971,0.33885029
candle,candleholder,0.43234539,0.56765461
candle,fire,0.69913587,0.30086413
candle,flame,0.548039049,0.451960951
candle,heat,0.82251738,0.17748262
candle,light,0.639877111,0.360122889
candle,lighter,0.808096647,0.191903353
candle,match,0.906645395,0.093354605
candle,night,0.859051317,0.140948683
candle,scent,0.782277361,0.217722639
candle,table,0.786166161,0.213833839
candle,wax,0.676123857,0.323876143
candle,wick,0.53881675,0.46118325
candy,cavity,0.828125834,0.171874166
candy,child,0.810985699,0.189014301
candy,halloween,0.653456479,0.346543521
candy,mouth,0.828175142,0.171824858
candy,sour,0.850344211,0.149655789
candy,store,0.747436076,0.252563924
candy,sugar,0.544264495,0.455735505
candy,sweet,0.654917032,0.345082968
candy,wrapper,0.640841544,0.359158456
car,accident,0.707944691,0.292055309
car,collision,0.772199899,0.227800101
car,crash,0.689684033,0.310315967
car,drive,0.686055303,0.313944697
car,driver,0.422060549,0.577939451
car,engine,0.591995776,0.408004224
car,fuel,0.7051965,0.2948035
car,garage,0.485087097,0.514912903
car,gas,0.733316302,0.266683698
car,highway,0.661269128,0.338730872
car,key,0.932607248,0.067392752
car,radio,0.851199344,0.148800656
car,road,0.699221104,0.300778896
car,seat,0.713656723,0.286343277
car,speed,0.81621249,0.18378751
car,steer,0.921432748,0.078567252
car,street,0.668587595,0.331412405
car,tire,0.505833358,0.494166642
car,wheel,0.540454179,0.459545821
castle,brick,0.665828437,0.334171563
castle,bridge,0.813341692,0.186658308
castle,crown,0.794926465,0.205073535
castle,dragon,0.605085522,0.394914478
castle,guard,0.926493555,0.073506445
castle,king,0.683441907,0.316558093
castle,knight,0.521150589,0.478849411
castle,moat,0.609042883,0.390957117
castle,money,0.94915833,0.05084167
castle,prince,0.518053919,0.481946081
castle,princess,0.562218845,0.437781155
castle,queen,0.659696013,0.340303987
castle,royalty,0.842413008,0.157586992
castle,stone,0.6845752,0.3154248
castle,wealth,0.875192769,0.124807231
cat,box,0.807758883,0.192241117
cat,claw,0.722177446,0.277822554
cat,couch,0.734193444,0.265806556
cat,dog,0.239054263,0.760945737
cat,fish,0.675742924,0.324257076
cat,fur,0.589774728,0.410225272
cat,house,0.732209206,0.267790794
cat,kitten,0.253501475,0.746498525
cat,litter,0.700605035,0.299394965
cat,meow,0.545401335,0.454598665
cat,milk,0.815700069,0.184299931
cat,mouse,0.534337282,0.465662718
cat,pet,0.310846925,0.689153075
cat,rat,0.467155755,0.532844245
cat,tree,0.746856004,0.253143996
cat,whiskers,0.655967861,0.344032139
cat,yarn,0.835177392,0.164822608
cheese,cheddar,0.237240255,0.762759745
cheese,cow,0.670354366,0.329645634
cheese,crackers,0.563116789,0.436883211
cheese,fridge,0.678195953,0.321804047
cheese,hole,0.914397962,0.085602038
cheese,knife,0.778184384,0.221815616
cheese,macaroni,0.503409415,0.496590585
cheese,milk,0.498534143,0.501465857
cheese,mouse,0.85011448,0.14988552
cheese,pasta,0.398791969,0.601208031
cheese,pizza,0.529164165,0.470835835
cheese,sandwich,0.466260076,0.533739924
cheese,trap,0.985363739,0.014636261
cheese,wine,0.47647804,0.52352196
cheese,yellow,0.82952331,0.17047669
chef,apron,0.743938625,0.256061375
chef,cooking,0.504066557,0.495933443
chef,food,0.693757743,0.306242257
chef,hat,0.902720481,0.097279519
chef,kitchen,0.492608368,0.507391632
chef,knife,0.756582201,0.243417799
chef,oven,0.705826819,0.294173181
chef,pan,0.83607237,0.16392763
chef,pot,0.899177685,0.100822315
chef,restaurant,0.442856848,0.557143152
chef,stove,0.709582537,0.290417463
chef,waiter,0.446993947,0.553006053
chicken,barn,0.768918246,0.231081754
chicken,beak,0.759481996,0.240518004
chicken,cage,0.753147915,0.246852085
chicken,chick,0.664696783,0.335303217
chicken,coop,0.670625597,0.329374403
chicken,corn,0.588690788,0.411309212
chicken,dinner,0.636373729,0.363626271
chicken,drumstick,0.549159855,0.450840145
chicken,egg,0.426001608,0.573998392
chicken,farm,0.655377001,0.344622999
chicken,farmer,0.662111461,0.337888539
chicken,feathers,0.659905851,0.340094149
chicken,food,0.572153866,0.427846134
chicken,grain,0.717060149,0.282939851
chicken,henhouse,0.710091054,0.289908946
chicken,kfc,0.615273535,0.384726465
chicken,leg,0.827930525,0.172069475
chicken,pen,0.877022229,0.122977771
chicken,rooster,0.556179762,0.443820238
chicken,seed,0.828477964,0.171522036
chicken,wings,0.658650219,0.341349781
child,candy,0.810985699,0.189014301
child,daycare,0.491772056,0.508227944
child,innocent,0.811806291,0.188193709
child,kindergarten,0.540296644,0.459703356
child,little,0.785824239,0.214175761
child,mother,0.382234275,0.617765725
child,parents,0.38310492,0.61689508
child,playground,0.720965624,0.279034376
child,school,0.624290615,0.375709385
child,small,0.899987772,0.100012228
child,toys,0.68775475,0.31224525
child,young,0.691595882,0.308404118
church,alter,0.948303096,0.051696904
church,bench,0.877929017,0.122070983
church,bible,0.638142884,0.361857116
church,choir,0.480830133,0.519169867
church,cross,0.910452992,0.089547008
church,god,0.790611178,0.209388822
church,organ,0.677312732,0.322687268
church,people,0.766916096,0.233083904
church,pew,0.492378592,0.507621408
church,prayer,0.486028612,0.513971388
church,priest,0.416567624,0.583432376
church,religion,0.593402475,0.406597525
church,sunday,0.834588572,0.165411428
circus,acrobat,0.720275551,0.279724449
circus,candy,0.879738308,0.120261692
circus,clown,0.468811035,0.531188965
circus,cotton,0.907244183,0.092755817
circus,elephant,0.657418102,0.342581898
circus,gymnast,0.773713708,0.226286292
circus,lion,0.809906915,0.190093085
circus,popcorn,0.828768685,0.171231315
circus,show,0.770653903,0.229346097
circus,tent,0.69552362,0.30447638
clown,balloon,0.674001098,0.325998902
clown,big,0.833408952,0.166591048
clown,birthday,0.7861038,0.2138962
clown,carnival,0.609411836,0.390588164
clown,children,0.807241619,0.192758381
clown,circus,0.468811035,0.531188965
clown,elephant,0.718803853,0.281196147
clown,face,0.842542455,0.157457545
clown,fair,0.849080473,0.150919527
clown,funny,0.573365003,0.426634997
clown,makeup,0.763795927,0.236204073
clown,nose,0.783009022,0.216990978
clown,paint,0.760752767,0.239247233
clown,party,0.888314076,0.111685924
clown,red,0.802811444,0.197188556
clown,scary,0.742398351,0.257601649
clown,shoes,0.843525037,0.156474963
clown,wig,0.572292775,0.427707225
coffee,beans,0.535894513,0.464105487
coffee,biscuit,0.598342448,0.401657552
coffee,black,0.89483615,0.10516385
coffee,breakfast,0.521359175,0.478640825
coffee,caffeine,0.57935977,0.42064023
coffee,cake,0.703114539,0.296885461
coffee,coffee,0,1
coffee,cream,0.753574625,0.246425375
coffee,cup,0.643982232,0.356017768
coffee,danish,0.654374152,0.345625848
coffee,donut,0.516245246,0.483754754
coffee,hortons,N/A,N/A
coffee,milk,0.556864023,0.443135977
coffee,morning,0.772160515,0.227839485
coffee,muffin,0.566356361,0.433643639
coffee,mug,0.67571339,0.32428661
coffee,pastry,0.613197118,0.386802882
coffee,shop,0.763741389,0.236258611
coffee,starbucks,0.578486294,0.421513706
coffee,sugar,0.557824612,0.442175388
coffee,tea,0.436470807,0.563529193
coffee,tim,0.924542785,0.075457215
computer,desk,0.65223527,0.34776473
computer,facebook,0.804290712,0.195709288
computer,games,0.843664348,0.156335652
computer,internet,0.593137681,0.406862319
computer,keyboard,0.60360837,0.39639163
computer,laptop,0.335950673,0.664049327
computer,monitor,0.74287653,0.25712347
computer,mouse,0.613251954,0.386748046
computer,printer,0.519940913,0.480059087
computer,school,0.822023734,0.177976266
computer,screen,0.63246277,0.36753723
computer,speaker,0.852446735,0.147553265
cow,barn,0.602708459,0.397291541
cow,beef,0.574193776,0.425806224
cow,calf,0.607577831,0.392422169
cow,farm,0.606515497,0.393484503
cow,farmer,0.598393112,0.401606888
cow,field,1.000198174,-0.000198174
cow,grass,0.854731455,0.145268545
cow,hay,0.588653713,0.411346287
cow,meat,0.576464415,0.423535585
cow,milk,0.565865278,0.434134722
cow,pasture,0.590895712,0.409104288
cow,spots,0.969466073,0.030533927
crown,castle,0.794926465,0.205073535
crown,diamond,0.788671911,0.211328089
crown,gem,0.794620022,0.205379978
crown,gold,0.684779853,0.315220147
crown,head,0.805509403,0.194490597
crown,jewel,0.652963072,0.347036928
crown,king,0.680722594,0.319277406
crown,monarch,0.734225869,0.265774131
crown,money,0.859269381,0.140730619
crown,palace,0.820602894,0.179397106
crown,princess,0.699975371,0.300024629
crown,queen,0.65168938,0.34831062
crown,royalty,0.756499916,0.243500084
crown,throne,0.569082081,0.430917919
desert,cactus,0.516438156,0.483561844
desert,camel,0.640185952,0.359814048
desert,drought,0.803508371,0.196491629
desert,heat,0.756123021,0.243876979
desert,palm,0.801705584,0.198294416
desert,pyramid,0.799857169,0.200142831
desert,sand,0.63970983,0.36029017
desert,sun,0.606145173,0.393854827
desert,tree,0.855869561,0.144130439
desert,water,0.772574231,0.227425769
diamond ring,box,N/A,N/A
diamond ring,engagement,N/A,N/A
diamond ring,finger,N/A,N/A
diamond ring,girl,N/A,N/A
diamond ring,gold,N/A,N/A
diamond ring,jewel,N/A,N/A
diamond ring,jewelry,N/A,N/A
diamond ring,money,N/A,N/A
diamond ring,person,N/A,N/A
diamond ring,proposal,N/A,N/A
diamond ring,rich,N/A,N/A
diamond ring,silver,N/A,N/A
diamond ring,wedding,N/A,N/A
diamond ring,woman,N/A,N/A
doctor,clinic,0.450020254,0.549979746
doctor,coat,0.839320526,0.160679474
doctor,drug,0.746239811,0.253760189
doctor,health,0.623399764,0.376600236
doctor,hospital,0.485676229,0.514323771
doctor,injection,0.84515433,0.15484567
doctor,jacket,0.846286684,0.153713316
doctor,lab,0.772696853,0.227303147
doctor,medical,0.432860792,0.567139208
doctor,medicine,0.502415836,0.497584164
doctor,needle,0.793649003,0.206350997
doctor,nurse,0.368047655,0.631952345
doctor,office,0.796563923,0.203436077
doctor,patient,0.47168678,0.52831322
doctor,person,0.660177648,0.339822352
doctor,pill,0.675025195,0.324974805
doctor,school,0.817922533,0.182077467
doctor,scrub,0.812994048,0.187005952
doctor,shot,0.837842271,0.162157729
doctor,sick,0.625934988,0.374065012
doctor,stetoscope,N/A,N/A
doctor,syringe,0.75743778,0.24256222
doctor,uniform,0.892727524,0.107272476
doctor,white,0.964096848,0.035903152
dog,ball,0.810443714,0.189556286
dog,bark,0.58343631,0.41656369
dog,biscuit,0.664885789,0.335114211
dog,bone,0.792142451,0.207857549
dog,cat,0.239054263,0.760945737
dog,collar,0.623803914,0.376196086
dog,companion,0.633126885,0.366873115
dog,dogfood,0.621497154,0.378502846
dog,doghouse,0.641682386,0.358317614
dog,friend,0.733079791,0.266920209
dog,fur,0.677493423,0.322506577
dog,garden,0.769279554,0.230720446
dog,home,0.790336803,0.209663197
dog,house,0.743102401,0.256897599
dog,kennel,0.336413145,0.663586855
dog,kibble,0.550058603,0.449941397
dog,leash,0.457589209,0.542410791
dog,park,0.697187603,0.302812397
dog,pet,0.283521473,0.716478527
dog,tail,0.701259047,0.298740953
dog,toy,0.70582816,0.29417184
dog,treat,0.851271167,0.148728833
dog,walk,0.736112386,0.263887614
dog,yard,0.870725408,0.129274592
dragon,castle,0.605085522,0.394914478
dragon,cave,0.742780477,0.257219523
dragon,china,0.787617669,0.212382331
dragon,den,0.808731809,0.191268191
dragon,fairy,0.433904231,0.566095769
dragon,fire,0.914798491,0.085201509
dragon,flame,0.730574131,0.269425869
dragon,knight,0.555927485,0.444072515
dragon,princess,0.620680809,0.379319191
dragon,scales,0.910257094,0.089742906
dragon,sword,0.519682497,0.480317503
dragon,tail,0.665995955,0.334004045
dragon,tale,0.782629788,0.217370212
dragon,teeth,0.815540105,0.184459895
dragon,wings,0.718075454,0.281924546
drugstore,advil,0.729173779,0.270826221
drugstore,candy,0.681604058,0.318395942
drugstore,doctor,0.66103372,0.33896628
drugstore,drugs,0.736558586,0.263441414
drugstore,killer,0.8602795,0.1397205
drugstore,magazine,0.861944869,0.138055131
drugstore,make-up,N/A,N/A
drugstore,medicine,0.687368035,0.312631965
drugstore,money,0.9191866,0.0808134
drugstore,pain,0.842144176,0.157855824
drugstore,person,0.894604594,0.105395406
drugstore,pharmacist,0.441875875,0.558124125
drugstore,pharmacy,0.288156986,0.711843014
drugstore,pill,0.658675909,0.341324091
drugstore,prescription,0.497787595,0.502212405
drugstore,sick,0.877252959,0.122747041
drugstore,tylenol,0.674611896,0.325388104
feet,cream,0.954278745,0.045721255
feet,floor,0.708021849,0.291978151
feet,hands,0.711977601,0.288022399
feet,nailpolish,0.809953541,0.190046459
feet,nails,0.766197294,0.233802706
feet,running,0.868679002,0.131320998
feet,shoes,0.717103302,0.282896698
feet,smell,0.852321506,0.147678494
feet,socks,0.793050691,0.206949309
feet,toes,0.578184038,0.421815962
feet,walk,0.794128612,0.205871388
fish,aquarium,0.562117457,0.437882543
fish,boat,0.625212222,0.374787778
fish,cat,0.675742924,0.324257076
fish,fish,0,1
fish,fishing,0.360200882,0.639799118
fish,food,0.636991918,0.363008082
fish,gill,0.610475689,0.389524311
fish,lake,0.560786039,0.439213961
fish,ocean,0.646532148,0.353467852
fish,river,0.596038699,0.403961301
fish,rod,0.608904272,0.391095728
fish,scales,0.788003564,0.211996436
fish,sea,0.6749942,0.3250058
fish,sushi,0.666322678,0.333677322
fish,tank,0.838705957,0.161294043
fish,water,0.579582363,0.420417637
fish,worm,0.661219478,0.338780522
flower,bee,0.641157746,0.358842254
flower,colour,N/A,N/A
flower,garden,0.405096054,0.594903946
flower,grass,0.675377399,0.324622601
flower,leaves,0.732271016,0.267728984
flower,petal,0.444638312,0.555361688
flower,pollen,0.645716578,0.354283422
flower,pot,0.70682922,0.29317078
flower,rose,0.867048606,0.132951394
flower,scent,0.706208915,0.293791085
flower,smell,0.80618985,0.19381015
flower,soil,0.774065077,0.225934923
flower,spring,0.756074831,0.243925169
flower,stem,0.78679356,0.21320644
flower,sun,0.756600976,0.243399024
flower,tree,0.51629892,0.48370108
flower,vase,0.445058823,0.554941177
flower,water,0.802755356,0.197244644
fly,air,0.702677965,0.297322035
fly,airplane,0.624097437,0.375902563
fly,annoying,0.828156292,0.171843708
fly,bird,0.72122255,0.27877745
fly,bug,0.852455646,0.147544354
fly,eyes,0.956728704,0.043271296
fly,fruit,0.801321462,0.198678538
fly,garbage,0.904321298,0.095678702
fly,germ,0.976246577,0.023753423
fly,infection,0.919760212,0.080239788
fly,sky,0.678097218,0.321902782
fly,spiderweb,0.900917761,0.099082239
fly,summer,0.892676964,0.107323036
fly,swatter,0.765597746,0.234402254
fly,wings,0.708874404,0.291125596
frog,bug,0.6511769,0.3488231
frog,croak,0.63491258,0.36508742
frog,fly,0.857739717,0.142260283
frog,green,0.771425396,0.228574604
frog,hop,0.752182946,0.247817054
frog,insect,0.439216137,0.560783863
frog,jump,0.856619164,0.143380836
frog,leap,0.841513634,0.158486366
frog,lilypad,N/A,N/A
frog,pond,0.700823098,0.299176902
frog,prince,0.685309827,0.314690173
frog,princess,0.684687853,0.315312147
frog,ribbit,0.530047178,0.469952822
frog,slime,0.650281578,0.349718422
frog,swamp,0.597963423,0.402036577
frog,tadpole,0.471894383,0.528105617
frog,tongue,0.718761295,0.281238705
frog,water,0.727283716,0.272716284
garage,apartment,0.53767848,0.46232152
garage,bicycle,0.643882751,0.356117249
garage,bin,0.6346187,0.3653813
garage,car,0.485087097,0.514912903
garage,door,0.531730562,0.468269438
garage,garbage,0.720399916,0.279600084
garage,home,0.626491636,0.373508364
garage,house,0.452882111,0.547117889
garage,storage,0.668244451,0.331755549
garage,tools,0.869220525,0.130779475
garage,trash,0.66128087,0.33871913
gift,birthday,0.661263317,0.338736683
gift,bow,0.801614285,0.198385715
gift,box,0.809869125,0.190130875
gift,cake,0.699168772,0.300831228
gift,child,0.802475914,0.197524086
gift,christmas,0.662504196,0.337495804
gift,holiday,0.589053869,0.410946131
gift,joy,0.70048964,0.29951036
gift,present,0.81362842,0.18637158
gift,ribbon,0.740734518,0.259265482
gift,santa,0.735198319,0.264801681
gift,tree,0.780070186,0.219929814
gift,wrap,0.85672006,0.14327994
girl,barbie,0.909882523,0.090117477
girl,boy,0.145672858,0.854327142
girl,clothes,0.73235327,0.26764673
girl,cute,0.640309781,0.359690219
girl,doll,0.625283271,0.374716729
girl,dress,0.732301474,0.267698526
girl,female,0.6531986,0.3468014
girl,flowers,0.79319185,0.20680815
girl,hair,0.776982024,0.223017976
girl,long,0.954014886,0.045985114
girl,makeup,0.86681135,0.13318865
girl,pink,0.769848675,0.230151325
girl,pretty,0.864056349,0.135943651
girl,purse,0.810683027,0.189316973
girl,school,0.679377049,0.320622951
granny,cane,0.768741757,0.231258243
granny,chair,0.881421365,0.118578635
granny,cookie,0.739911705,0.260088295
granny,food,0.938783672,0.061216328
granny,glasses,0.836908758,0.163091242
granny,grandpa,0.482287824,0.517712176
granny,grey,N/A,N/A
granny,hair,0.805410296,0.194589704
granny,home,0.699724674,0.300275326
granny,knitting,0.68385601,0.31614399
granny,old,0.670056701,0.329943299
granny,rock,0.88235534,0.11764466
granny,wrinkle,0.847823322,0.152176678
hammer,construction,0.862325564,0.137674436
hammer,hand,0.700471193,0.299528807
hammer,handyman,0.813588202,0.186411798
hammer,head,0.739389658,0.260610342
hammer,metal,0.744679749,0.255320251
hammer,nail,0.578023791,0.421976209
hammer,screwdriver,0.616858751,0.383141249
hammer,tool,0.88395822,0.11604178
hammer,toolbox,0.741462767,0.258537233
hammer,wall,0.8351897,0.1648103
hammer,wood,0.765005708,0.234994292
hands,arms,0.587447226,0.412552774
hands,feet,0.711977601,0.288022399
hands,fingers,0.490131676,0.509868324
hands,gloves,0.652343392,0.347656608
hands,keyboard,0.788681209,0.211318791
hands,legs,0.624877393,0.375122607
hands,mitten,0.753057361,0.246942639
hands,nailpolish,0.895808183,0.104191817
hands,nails,0.771218345,0.228781655
hands,palm,0.565365344,0.434634656
hands,pencil,0.738200128,0.261799872
hands,ring,0.856606126,0.143393874
honey,bagel,0.727592349,0.272407651
honey,bear,0.811963066,0.188036934
honey,bee,0.523589671,0.476410329
honey,bottle,0.710772336,0.289227664
honey,bread,0.616075486,0.383924514
honey,flower,0.588496715,0.411503285
honey,hive,0.725312054,0.274687946
honey,jar,0.601237059,0.398762941
honey,nest,0.822491109,0.177508891
honey,noneycomb,N/A,N/A
honey,plastic,0.845102504,0.154897496
honey,sticky,0.774024948,0.225975052
honey,sweet,0.596250325,0.403749675
honey,tea,0.630808622,0.369191378
honey,toast,0.727536261,0.272463739
horse,animal,0.551996171,0.448003829
horse,barn,0.482834876,0.517165124
horse,carrot,0.838944763,0.161055237
horse,cowboy,0.598267287,0.401732713
horse,farm,0.682129323,0.317870677
horse,hay,0.566622287,0.433377713
horse,hoof,0.522349507,0.477650493
horse,horseshoe,0.651871353,0.348128647
horse,jockey,0.386693239,0.613306761
horse,mane,0.669134289,0.330865711
horse,race,0.612904519,0.387095481
horse,ride,0.615390331,0.384609669
horse,rider,0.487613022,0.512386978
hospital,ambulance,0.390079379,0.609920621
hospital,bed,0.550062329,0.449937671
hospital,desease,0.767306283,0.232693717
hospital,doctor,0.485676229,0.514323771
hospital,illness,0.691970497,0.308029503
hospital,medicine,0.664922655,0.335077345
hospital,needle,0.837663814,0.162336186
hospital,nurse,0.496010661,0.503989339
hospital,patient,0.456595957,0.543404043
house,bed,0.634688318,0.365311682
house,brick,0.631269693,0.368730307
house,chimney,0.606551379,0.393448621
house,door,0.573990196,0.426009804
house,family,0.575291157,0.424708843
house,fireplace,0.588549793,0.411450207
house,furniture,0.60371542,0.39628458
house,home,0.438219726,0.561780274
house,kitchen,0.531919599,0.468080401
house,roof,0.623221695,0.376778305
house,window,0.627454937,0.372545063
ice-cream,bowl,N/A,N/A
ice-cream,child,N/A,N/A
ice-cream,chocolate,N/A,N/A
ice-cream,cold,N/A,N/A
ice-cream,cone,N/A,N/A
ice-cream,cream,N/A,N/A
ice-cream,freezer,N/A,N/A
ice-cream,fridge,N/A,N/A
ice-cream,kid,N/A,N/A
ice-cream,milk,N/A,N/A
ice-cream,spoon,N/A,N/A
ice-cream,sprinkle,N/A,N/A
ice-cream,sugar,N/A,N/A
ice-cream,summer,N/A,N/A
ice-cream,tasty,N/A,N/A
ice-cream,truck,N/A,N/A
ice-cream,vanilla,N/A,N/A
key,car,0.932607248,0.067392752
key,chain,0.910010979,0.089989021
key,chest,0.965523329,0.034476671
key,door,0.849437669,0.150562331
key,heart,0.844864711,0.155135289
key,house,1.0413233,-0.0413233
key,lock,0.781936541,0.218063459
key,metal,0.936359666,0.063640334
key,open,0.842178389,0.157821611
key,safe,0.85003829,0.14996171
key,treasure,0.975146171,0.024853829
key,unlock,0.789279982,0.210720018
king,castle,0.683441907,0.316558093
king,crown,0.680722594,0.319277406
king,kingdom,0.478959382,0.521040618
king,knight,0.57984367,0.42015633
king,leader,0.747489274,0.252510726
king,money,0.983602175,0.016397825
king,palace,0.512170911,0.487829089
king,power,0.807129994,0.192870006
king,prince,0.384000599,0.615999401
king,princess,0.483800232,0.516199768
king,queen,0.348904312,0.651095688
king,ruler,0.420243323,0.579756677
king,throne,0.457789481,0.542210519
knife,blood,0.829072028,0.170927972
knife,board,0.951370012,0.048629988
knife,bread,0.734538466,0.265461534
knife,butter,0.704077125,0.295922875
knife,chop,0.634514898,0.365485102
knife,cut,0.800532237,0.199467763
knife,dinner,0.876597606,0.123402394
knife,dish,0.785876527,0.214123473
knife,food,0.856658697,0.143341303
knife,fork,0.623482704,0.376517296
knife,killer,0.78416039,0.21583961
knife,kitchen,0.681126028,0.318873972
knife,meal,0.864807904,0.135192096
knife,meat,0.799488083,0.200511917
knife,metal,0.810773253,0.189226747
knife,murderer,0.726542085,0.273457915
knife,plate,0.816923171,0.183076829
knife,sharp,0.7658277,0.2341723
knife,spoon,0.555258781,0.444741219
knife,steak,0.70465672,0.29534328
knife,steel,0.89640554,0.10359446
knife,table,0.798522115,0.201477885
lamp,bedroom,0.751841187,0.248158813
lamp,bright,0.745146513,0.254853487
lamp,bulb,0.433446527,0.566553473
lamp,desk,0.785930768,0.214069232
lamp,electricity,0.756966993,0.243033007
lamp,home,0.8252967,0.1747033
lamp,house,0.77753903,0.22246097
lamp,light,0.663040847,0.336959153
lamp,night,0.885544032,0.114455968
lamp,read,0.892087787,0.107912213
lamp,shade,0.671873361,0.328126639
lamp,study,0.956064541,0.043935459
lamp,switch,0.871794313,0.128205687
lamp,table,0.761727214,0.238272786
leash,cat,0.613198966,0.386801034
leash,collar,0.598387718,0.401612282
leash,control,0.773339629,0.226660371
leash,dog,0.457589209,0.542410791
leash,leather,0.902800873,0.097199127
leash,neck,0.702064008,0.297935992
leash,owner,0.864893049,0.135106951
leash,park,0.68936035,0.31063965
leash,pet,0.582609504,0.417390496
leash,walk,0.736494243,0.263505757
letter,alphabet,0.876855977,0.123144023
letter,envelope,0.683844537,0.316155463
letter,ink,0.911731243,0.088268757
letter,letter,0,1
letter,mail,0.701235682,0.298764318
letter,mailbox,0.72014755,0.27985245
letter,mailman,0.78897576,0.21102424
letter,office,0.77120845,0.22879155
letter,opener,0.960446306,0.039553694
letter,paper,0.67739585,0.32260415
letter,pen,0.924392134,0.075607866
letter,pencil,0.882446848,0.117553152
letter,post,0.901814163,0.098185837
letter,stamp,0.793063119,0.206936881
letter,words,0.676013023,0.323986977
lion,africa,0.843284756,0.156715244
lion,antelope,0.643247634,0.356752366
lion,cub,0.593399793,0.406600207
lion,deer,0.712815881,0.287184119
lion,fur,0.776608631,0.223391369
lion,gazelle,0.591824979,0.408175021
lion,grassland,0.954805214,0.045194786
lion,hair,0.995482453,0.004517547
lion,jungle,0.846339881,0.153660119
lion,king,0.752598494,0.247401506
lion,mane,0.774556413,0.225443587
lion,meat,0.790699482,0.209300518
lion,roar,0.745628953,0.254371047
lion,safari,0.751358569,0.248641431
lion,savannah,0.776070759,0.223929241
lion,teeth,0.890133373,0.109866627
lion,tiger,0.487895966,0.512104034
lion,zoo,0.668949902,0.331050098
man,beard,0.661081374,0.338918626
man,car,0.759264499,0.240735501
man,children,0.809411973,0.190588027
man,father,0.579889894,0.420110106
man,hair,0.85803546,0.14196454
man,hammer,0.840492338,0.159507662
man,muscle,0.949328795,0.050671205
man,power,0.899945438,0.100054562
man,sport,0.870691717,0.129308283
man,tools,1.010267596,-0.010267596
man,truck,0.772435129,0.227564871
man,woman,0.233598769,0.766401231
mechanic,autoshop,N/A,N/A
mechanic,car,0.673087776,0.326912224
mechanic,dirt,0.791311875,0.208688125
mechanic,engine,0.595113039,0.404886961
mechanic,fix,0.731540918,0.268459082
mechanic,garage,0.636127174,0.363872826
mechanic,grease,0.73388201,0.26611799
mechanic,hammer,0.953276142,0.046723858
mechanic,jumpsuit,0.886401094,0.113598906
mechanic,machine,0.70849219,0.29150781
mechanic,oil,0.880425543,0.119574457
mechanic,overall,1.024821935,-0.024821935
mechanic,tire,0.709341049,0.290658951
mechanic,toolbox,0.804495171,0.195504829
mechanic,tools,0.902307376,0.097692624
mechanic,uniform,0.86314097,0.13685903
mechanic,workshop,0.880481258,0.119518742
mechanic,wrench,0.726654381,0.273345619
milk,baby,0.650627553,0.349372447
milk,bag,0.886787556,0.113212444
milk,breakfast,0.747134358,0.252865642
milk,calcium,0.635973036,0.364026964
milk,carton,0.591928095,0.408071905
milk,cereal,0.442264497,0.557735503
milk,cheese,0.498534143,0.501465857
milk,chocolate,0.498731315,0.501268685
milk,container,0.743148178,0.256851822
milk,cookie,0.732113063,0.267886937
milk,cow,0.565865278,0.434134722
milk,cup,0.753459811,0.246540189
milk,farm,0.641239703,0.358760297
milk,fridge,0.729155749,0.270844251
milk,glass,0.780166566,0.219833434
milk,goat,0.616282463,0.383717537
milk,grocery,0.617813706,0.382186294
milk,jug,0.664734513,0.335265487
milk,store,0.850019872,0.149980128
milk,white,0.887818985,0.112181015
monkey,banana,0.675468594,0.324531406
monkey,circus,0.689255834,0.310744166
monkey,fur,0.704085618,0.295914382
monkey,hair,0.762818962,0.237181038
monkey,human,0.70571965,0.29428035
monkey,jungle,0.671803653,0.328196347
monkey,rainforest,0.742823362,0.257176638
monkey,tail,0.581934482,0.418065518
monkey,tree,0.691180021,0.308819979
monkey,vine,0.781342432,0.218657568
monkey,zoo,0.561552554,0.438447446
mouse,basement,0.871189117,0.128810883
mouse,cat,0.534337282,0.465662718
mouse,cheese,0.85011448,0.14988552
mouse,computer,0.613251954,0.386748046
mouse,hole,0.926487714,0.073512286
mouse,house,0.918790154,0.081209846
mouse,size,0.875412516,0.124587484
mouse,small,0.836373776,0.163626224
mouse,tail,0.690655559,0.309344441
mouse,trap,0.761171997,0.238828003
mouse,whiskers,0.715136737,0.284863263
paper,airplane,0.807429314,0.192570686
paper,book,0.636537403,0.363462597
paper,homework,0.813107729,0.186892271
paper,letter,0.67739585,0.32260415
paper,notebook,0.702379674,0.297620326
paper,notes,0.655662298,0.344337702
paper,origami,0.71912089,0.28087911
paper,pen,0.60769996,0.39230004
paper,pencil,0.552459449,0.447540551
paper,printer,0.587787271,0.412212729
paper,school,0.900292106,0.099707894
paper,scissors,0.72011745,0.27988255
paper,stationary,0.813654393,0.186345607
paper,tree,0.894583344,0.105416656
paper,white,0.66094175,0.33905825
paper,writing,0.690866083,0.309133917
pencil,case,0.896480374,0.103519626
pencil,desk,0.665900648,0.334099352
pencil,drawing,0.700750262,0.299249738
pencil,eraser,0.363562346,0.636437654
pencil,exam,0.786933437,0.213066563
pencil,graphite,0.612375677,0.387624323
pencil,hand,0.667834073,0.332165927
pencil,lead,0.94071196,0.05928804
pencil,paper,0.552459449,0.447540551
pencil,pen,0.423200607,0.576799393
pencil,school,0.837984875,0.162015125
pencil,sharpener,0.492806613,0.507193387
pencil,table,0.798961699,0.201038301
pencil,test,0.880398408,0.119601592
pencil,wood,0.697794855,0.302205145
pencil,writing,0.655584395,0.344415605
pie,apple,0.607027024,0.392972976
pie,baker,0.652069151,0.347930849
pie,blueberry,0.679267079,0.320732921
pie,cherry,0.689193338,0.310806662
pie,cream,0.737750113,0.262249887
pie,crust,0.664238304,0.335761696
pie,dessert,0.515500247,0.484499753
pie,fill,0.886464357,0.113535643
pie,fork,0.737347215,0.262652785
pie,ice-cream,N/A,N/A
pie,oven,0.71972695,0.28027305
pie,plate,0.764538631,0.235461369
pie,pumpkin,0.561775535,0.438224465
pie,thanksgiving,0.842478469,0.157521531
pie,whipped,0.872803077,0.127196923
pilot,air,0.708348751,0.291651249
pilot,airplane,0.551343024,0.448656976
pilot,airport,0.765978217,0.234021783
pilot,attendant,0.8592287,0.1407713
pilot,cap,0.98305,0.01695
pilot,flight,0.593993932,0.406006068
pilot,goggle,0.892595597,0.107404403
pilot,hat,0.958487473,0.041512527
pilot,helicopter,0.585121095,0.414878905
pilot,passenger,0.696304023,0.303695977
pilot,sky,0.766716138,0.233283862
pilot,uniform,0.901383929,0.098616071
plate,cup,0.742013097,0.257986903
plate,dinner,0.703989983,0.296010017
plate,dishwasher,0.787090048,0.212909952
plate,food,0.810363084,0.189636916
plate,fork,0.69641161,0.30358839
plate,kitchen,0.739741266,0.260258734
plate,knife,0.816923171,0.183076829
plate,meal,0.726022929,0.273977071
plate,napkin,0.697720438,0.302279562
plate,spoon,0.673307747,0.326692253
plate,table,0.670797527,0.329202473
plate,utensil,0.694294304,0.305705696
police officer,badge,N/A,N/A
police officer,car,N/A,N/A
police officer,criminal,N/A,N/A
police officer,gun,N/A,N/A
police officer,handcuffs,N/A,N/A
police officer,law,N/A,N/A
police officer,police,N/A,N/A
police officer,siren,N/A,N/A
police officer,uniform,N/A,N/A
postman,bag,0.780149162,0.219850838
postman,box,0.832719803,0.167280197
postman,car,0.864672706,0.135327294
postman,delivery,0.76302889,0.23697111
postman,dog,0.731458127,0.268541873
postman,envelope,0.810354322,0.189645678
postman,letter,0.884018555,0.115981445
postman,mail,0.605199635,0.394800365
postman,mailbox,0.642757207,0.357242793
postman,office,0.847599536,0.152400464
postman,package,0.892813861,0.107186139
postman,parcel,0.732955813,0.267044187
postman,post,0.861980096,0.138019904
postman,satchel,0.763927639,0.236072361
postman,shorts,0.947560105,0.052439895
postman,stamp,0.815088898,0.184911102
postman,truck,0.787574917,0.212425083
postman,uniform,0.863830075,0.136169925
pumpkin,autumn,0.826047033,0.173952967
pumpkin,candle,0.711123556,0.288876444
pumpkin,candy,0.595364124,0.404635876
pumpkin,farm,0.739911973,0.260088027
pumpkin,field,0.901018701,0.098981299
pumpkin,halloween,0.589281619,0.410718381
pumpkin,jack-o-lantern,N/A,N/A
pumpkin,knife,0.700768083,0.299231917
pumpkin,light,0.828610122,0.171389878
pumpkin,orange,0.657426298,0.342573702
pumpkin,patch,0.897071935,0.102928065
pumpkin,pie,0.561775535,0.438224465
pumpkin,seed,0.72882387,0.27117613
rabbit,bunny,0.35596621,0.64403379
rabbit,burrow,0.672755778,0.327244222
rabbit,cabbage,0.676482499,0.323517501
rabbit,cage,0.700237513,0.299762487
rabbit,carrot,0.636935651,0.363064349
rabbit,ears,0.731651396,0.268348604
rabbit,easter,0.807199076,0.192800924
rabbit,fur,0.585323095,0.414676905
rabbit,grass,0.805408671,0.194591329
rabbit,hole,0.790758759,0.209241241
rabbit,hop,0.849994451,0.150005549
rabbit,jump,0.843499899,0.156500101
rabbit,lettuce,0.75072214,0.24927786
rabbit,pet,0.520159125,0.479840875
rabbit,tail,0.647825927,0.352174073
rabbit,teeth,0.830447778,0.169552222
restaurant,chef,0.442856848,0.557143152
restaurant,dish,0.604250014,0.395749986
restaurant,drink,0.689728767,0.310271233
restaurant,food,0.579591304,0.420408696
restaurant,menu,0.480331779,0.519668221
restaurant,money,0.912637167,0.087362833
restaurant,plate,0.794631332,0.205368668
restaurant,table,0.764250219,0.235749781
restaurant,waiter,0.439318001,0.560681999
restaurant,waitress,0.458251715,0.541748285
river,animals,0.820345312,0.179654688
river,boat,0.558176279,0.441823721
river,canoe,0.456356585,0.543643415
river,current,0.965350363,0.034649637
river,fish,0.596038699,0.403961301
river,flow,0.752400041,0.247599959
river,forest,0.6873025,0.3126975
river,kayak,0.586411774,0.413588226
river,lake,0.20804137,0.79195863
river,ocean,0.522818685,0.477181315
river,rocks,0.663264662,0.336735338
river,stone,0.79025501,0.20974499
river,swim,0.655479103,0.344520897
river,trees,0.736884505,0.263115495
river,water,0.423101544,0.576898456
river,wildlife,0.667091697,0.332908303
santa,beard,0.821604446,0.178395554
santa,cap,0.914016262,0.085983738
santa,children,0.819959581,0.180040419
santa,chimney,0.766430393,0.233569607
santa,christmas,0.42212671,0.57787329
santa,coat,0.838033408,0.161966592
santa,cookie,0.664576411,0.335423589
santa,elf,0.555033743,0.444966257
santa,gift,0.735198319,0.264801681
santa,hat,0.753155649,0.246844351
santa,present,0.924503967,0.075496033
santa,red,0.79396446,0.20603554
santa,reindeer,0.597920209,0.402079791
santa,sled,0.812694818,0.187305182
santa,sleigh,0.588399172,0.411600828
santa,snow,0.835349083,0.164650917
santa,suit,0.899296485,0.100703515
santa,tree,0.744341195,0.255658805
school,blackboard,0.726222754,0.273777246
school,book,0.914514869,0.085485131
school,bus,0.63439244,0.36560756
school,children,0.596162975,0.403837025
school,classmate,0.555432856,0.444567144
school,classroom,0.371837854,0.628162146
school,desk,0.853599593,0.146400407
school,exam,0.715575904,0.284424096
school,friends,0.804214686,0.195785314
school,homework,0.630699873,0.369300127
school,learning,0.637048155,0.362951845
school,locker,0.766769081,0.233230919
school,pencil,0.837984875,0.162015125
school,school,0,1
school,student,0.394437253,0.605562747
school,teacher,0.361759424,0.638240576
school,test,0.91326347,0.08673653
scissors,artwork,0.846414372,0.153585628
scissors,blade,0.55178079,0.44821921
scissors,craft,0.808115989,0.191884011
scissors,cut,0.725232691,0.274767309
scissors,glue,0.62804848,0.37195152
scissors,hair,0.667996883,0.332003117
scissors,hand,0.718032449,0.281967551
scissors,knife,0.408359051,0.591640949
scissors,metal,0.729204029,0.270795971
scissors,paper,0.72011745,0.27988255
scissors,rock,0.777475417,0.222524583
scissors,school,0.898953006,0.101046994
scissors,sharp,0.799320385,0.200679615
sheep,barn,0.643462479,0.356537521
sheep,dog,0.604499727,0.395500273
sheep,farm,0.525496751,0.474503249
sheep,field,0.922051981,0.077948019
sheep,flock,0.609681368,0.390318632
sheep,fur,0.578069299,0.421930701
sheep,grass,0.789199904,0.210800096
sheep,hay,0.506085247,0.493914753
sheep,herd,0.357093632,0.642906368
sheep,lamb,0.346071064,0.653928936
sheep,meadow,0.656701684,0.343298316
sheep,pasture,0.450150847,0.549849153
sheep,scissors,0.923965991,0.076034009
sheep,shears,0.771788374,0.228211626
sheep,shepard,0.55424875,0.44575125
sheep,sweater,0.833815262,0.166184738
sheep,white,0.793826088,0.206173912
sheep,wolf,0.488891065,0.511108935
sheep,wool,0.507418066,0.492581934
ship,anchor,0.837938696,0.162061304
ship,boat,0.383108556,0.616891444
ship,captain,0.769752249,0.230247751
ship,cargo,0.544778228,0.455221772
ship,crew,0.566193938,0.433806062
ship,cruise,0.609940588,0.390059412
ship,dock,0.47952193,0.52047807
ship,fish,0.814025,0.185975
ship,flag,0.855688408,0.144311592
ship,goods,0.799847081,0.200152919
ship,harbour,N/A,N/A
ship,mast,0.739240944,0.260759056
ship,merchandise,0.877299644,0.122700356
ship,ocean,0.630975217,0.369024783
ship,passenger,0.796146557,0.203853443
ship,people,0.931936145,0.068063855
ship,pirate,0.563617766,0.436382234
ship,plank,0.808927134,0.191072866
ship,port,0.450676858,0.549323142
ship,sail,0.424305141,0.575694859
ship,sailor,0.559195846,0.440804154
ship,sea,0.579987735,0.420012265
ship,titanic,0.797547996,0.202452004
ship,water,0.843333438,0.156666562
shoes,boots,0.300163865,0.699836135
shoes,box,0.809240177,0.190759823
shoes,converse,0.918163739,0.081836261
shoes,dirt,0.700220376,0.299779624
shoes,feet,0.717103302,0.282896698
shoes,floor,0.809688151,0.190311849
shoes,ground,0.82099779,0.17900221
shoes,heel,0.61113587,0.38886413
shoes,high,0.899828568,0.100171432
shoes,holt,0.926415421,0.073584579
shoes,lace,0.604529589,0.395470411
shoes,leather,0.630075842,0.369924158
shoes,mall,0.803328663,0.196671337
shoes,mud,0.759805143,0.240194857
shoes,nike,0.673859119,0.326140881
shoes,renfrew,N/A,N/A
shoes,running,0.857645333,0.142354667
shoes,shoebox,0.702589124,0.297410876
shoes,shoelace,0.658529669,0.341470331
shoes,sneakers,0.24308604,0.75691396
shoes,socks,0.342563093,0.657436907
shoes,sole,0.890667021,0.109332979
shoes,store,0.769957334,0.230042666
shoes,toes,0.605899394,0.394100606
shoes,velcro,0.687073648,0.312926352
spider,black,0.830958456,0.169041544
spider,bug,0.527064204,0.472935796
spider,cob,0.803330436,0.196669564
spider,corner,0.915048189,0.084951811
spider,fear,0.846632674,0.153367326
spider,fly,0.82998997,0.17001003
spider,halloween,0.735861331,0.264138669
spider,house,0.856128037,0.143871963
spider,insect,0.416391909,0.583608091
spider,legs,0.749236465,0.250763535
spider,net,0.89495983,0.10504017
spider,poison,0.728449494,0.271550506
spider,scare,0.90303877,0.09696123
spider,shoe,0.8263897,0.1736103
spider,venom,0.70897603,0.29102397
spider,web,0.674138784,0.325861216
student,assignment,0.841553286,0.158446714
student,backpack,0.764383629,0.235616371
student,book,0.925309844,0.074690156
student,class,0.697778583,0.302221417
student,college,0.474435091,0.525564909
student,computer,0.762547404,0.237452596
student,desk,0.847653821,0.152346179
student,education,0.598937184,0.401062816
student,get,0.931661308,0.068338692
student,homework,0.74630928,0.25369072
student,laptop,0.747084975,0.252915025
student,learning,0.711627483,0.288372517
student,notebook,0.811421886,0.188578114
student,pencil,0.888517164,0.111482836
student,school,0.394437253,0.605562747
student,study,0.830581039,0.169418961
student,teacher,0.369863391,0.630136609
student,textbook,0.669743598,0.330256402
student,university,0.399459898,0.600540102
table,chair,0.69614473,0.30385527
table,cutlery,0.69626075,0.30373925
table,dinner,0.654071599,0.345928401
table,dish,0.722025961,0.277974039
table,food,0.82511273,0.17488727
table,homework,0.815315291,0.184684709
table,kitchen,0.621170193,0.378829807
table,legs,0.864515096,0.135484904
table,meal,0.725515723,0.274484277
table,plate,0.670797527,0.329202473
table,tablecloth,0.574780703,0.425219297
table,wood,0.876654282,0.123345718
teacher,apple,0.847178772,0.152821228
teacher,blackboard,0.665047556,0.334952444
teacher,book,0.846293196,0.153706804
teacher,chalk,0.837495953,0.162504047
teacher,class,0.687972635,0.312027365
teacher,classroom,0.38616395,0.61383605
teacher,desk,0.779773474,0.220226526
teacher,homework,0.677577823,0.322422177
teacher,school,0.361759424,0.638240576
teacher,student,0.369863391,0.630136609
teacher,teach,0.587867618,0.412132382
teacher,whiteboard,0.75958164,0.24041836
tree,bark,0.590421677,0.409578323
tree,bird,0.638097018,0.361902982
tree,branch,0.66430521,0.33569479
tree,earth,0.74976173,0.25023827
tree,forrest,0.631059706,0.368940294
tree,fruit,0.600067943,0.399932057
tree,green,0.753251508,0.246748492
tree,ground,0.778911367,0.221088633
tree,leaves,0.745977402,0.254022598
tree,nest,0.691637754,0.308362246
tree,root,0.740744233,0.259255767
tree,soil,0.725059658,0.274940342
tree,squirrel,0.601927876,0.398072124
tree,trunk,0.562230855,0.437769145
tree,water,0.803978205,0.196021795
tree,wood,0.619619876,0.380380124
vase,break,0.97292834,0.02707166
vase,crystal,0.659525216,0.340474784
vase,decoration,0.536701173,0.463298827
vase,flower,0.445058823,0.554941177
vase,glass,0.566940278,0.433059722
vase,pretty,0.898376927,0.101623073
vase,table,0.722563267,0.277436733
vase,water,0.807549387,0.192450613
waitress,apron,0.711034328,0.288965672
waitress,drink,0.704892725,0.295107275
waitress,food,0.749087512,0.250912488
waitress,girl,0.522824496,0.477175504
waitress,menu,0.687894881,0.312105119
waitress,money,0.890121408,0.109878592
waitress,notepad,0.805709824,0.194290176
waitress,paper,0.894373558,0.105626442
waitress,plate,0.772612095,0.227387905
waitress,restaurant,0.458251715,0.541748285
waitress,tip,0.834748045,0.165251955
waitress,waiter,0.241852403,0.758147597
witch,besom,N/A,N/A
witch,broom,0.710564882,0.289435118
witch,broomstick,0.641021401,0.358978599
witch,cape,0.677160144,0.322839856
witch,cat,0.686014742,0.313985258
witch,cauldron,0.794804916,0.205195084
witch,cloth,0.791489974,0.208510026
witch,coat,0.84819527,0.15180473
witch,dark,0.757272378,0.242727622
witch,evil,0.55378595,0.44621405
witch,green,0.84654668,0.15345332
witch,halloween,0.693970025,0.306029975
witch,hat,0.844463617,0.155536383
witch,long,0.944490973,0.055509027
witch,magic,0.695700973,0.304299027
witch,nose,0.906970978,0.093029022
witch,pointy,0.791590512,0.208409488
witch,pot,0.854976729,0.145023271
witch,pumpkin,0.680121422,0.319878578
witch,robe,0.75389874,0.24610126
witch,spell,0.800571904,0.199428096
witch,wand,0.684729874,0.315270126
witch,wart,0.769440725,0.230559275
witch,wizard,0.629709512,0.370290488
woman,beauty,0.73374635,0.26625365
woman,children,0.656273246,0.343726754
woman,clothes,0.757893667,0.242106333
woman,cooking,0.925982319,0.074017681
woman,dress,0.769032791,0.230967209
woman,hair,0.816506311,0.183493689
woman,jewellery,N/A,N/A
woman,lipstick,0.828240007,0.171759993
woman,long,0.935467742,0.064532258
woman,makeup,0.878210999,0.121789001
woman,man,0.233598769,0.766401231
woman,mascara,0.885239601,0.114760399
woman,mother,0.39236933,0.60763067
woman,purse,0.714578986,0.285421014
woman,shoes,0.900014058,0.099985942
